gene_id,scer_gene_name,functional_category,category_order,desc_raw
YKR066C,CCP1,Stress / Redox,1,OXIDATIVE STRESS RESPONSE CYTOCHROME-C PEROXIDASE S0001774
YGR088W,CTT1,Stress / Redox,1,OXIDATIVE STRESS RESPONSE CATALASE T S0003320
YOL151W,GRE2,Stress / Redox,1,UNKNOWN UNKNOWN; INDUCED BY OSMOTIC STRESS S0005511
YHR104W,GRE3,Stress / Redox,1,UNKNOWN INDUCED BY OSMOTIC STRESS S0001146
YBR072W,HSP26,Stress / Redox,1,DIAUXIC SHIFT STRESS-INDUCED PROTEIN S0000276
YIR037W,HYR1,Stress / Redox,1,OXIDATIVE STRESS RESPONSE GLUTATHIONE PEROXIDASE S0001476
YLR142W,PUT1,Stress / Redox,1,PROLINE UTILIZATION PROLINE OXIDASE S0004132
YIL101C,XBP1,Stress / Redox,1,STRESS RESPONSE TRANSCRIPTIONAL REPRESSOR S0001363
YHR171W,APG7,Protein folding / QC,2,AUTOPHAGY UNKNOWN; SIMILAR TO UBIQUITIN-ACTIVATINGS0001214
YJL014W,CCT3,Protein folding / QC,2,PROTEIN FOLDING CYTOPLASMIC CHAPERONIN COMPLEX S0003551
YDL143W,CCT4,Protein folding / QC,2,PROTEIN FOLDING CYTOPLASMIC CHAPERONIN SUBUNIT S0002302
YJR064W,CCT5,Protein folding / QC,2,PROTEIN TARGETING CYTOPLASMIC CHAPERONIN COMPLEX S0003825
YMR173W,DDR48,Protein folding / QC,2,"UNKNOWN INDUCED BY DNA DAMAGE, HEAT SHOCK, OR OSS0004784"
YLR449W,FPR4,Protein folding / QC,2,PROTEIN FOLDING (PUTATIVE) SIMILAR TO PEPTIDYL-PROLYL CIS-TRANS ISOS0004441
YNL153C,GIM3,Protein folding / QC,2,PROTEIN FOLDING PREFOLDIN SUBUNIT 4 S0005097
YLL026W,HSP104,Protein folding / QC,2,HEAT SHOCK RESPONSE /THERMOTOLERANCE HEAT SHOCK PROTEIN S0003949
YFL014W,HSP12,Protein folding / QC,2,GLUCOSE AND LIPID UTILIZATION HEAT SHOCK PROTEIN S0001880
YDR171W,HSP42,Protein folding / QC,2,"CYTOSKELETON ASSEMBLY HEAT SHOCK PROTEIN, SIMILAR TO HSP26 S0002578"
YDR258C,HSP78,Protein folding / QC,2,PROTEIN FOLDING MITOCHONDRIAL S0002666
YKL103C,LAP4,Protein folding / QC,2,PROTEIN DEGRADATION VACUOLAR AMINOPEPTIDASE YSC1 S0001586
YMR174C,PAI3,Protein folding / QC,2,OSMOTIC STRESS RESPONSE PROTEASE A (YSCA) INHIBITOR IA3 S0004786
YNL015W,PBI2,Protein folding / QC,2,UNKNOWN PROTEASE INHIBITOR S0004960
YHR064C,PDR13,Protein folding / QC,2,DRUG RESISTANCE HSP70 HOMOLOG S0001106
YPL154C,PEP4,Protein folding / QC,2,PROTEIN DEGRADATION VACUOLAR ASPARTYL PROTEASE S0006075
YEL060C,PRB1,Protein folding / QC,2,PROTEIN DEGRADATION VACUOLAR PROTEASE B S0000786
YBL075C,SSA3,Protein folding / QC,2,ER AND MITOCHONDRIAL TRANSLOCATION CYTOSOLIC HSP70 S0000171
YER103W,SSA4,Protein folding / QC,2,ER AND MITOCHONDRIAL TRANSLOCATION CYTOSOLIC HSP70 S0000905
YBR169C,SSE2,Protein folding / QC,2,HEAT SHOCK RESPONSE HSP70 FAMILY S0000373
YDR059C,UBC5,Protein folding / QC,2,"PROTEIN DEGRADATION, UBIQUITIN-MEDIATED E2 UB.-CONJUGATING ENZYME S0002466"
YEL012W,UBC8,Protein folding / QC,2,"PROTEIN DEGRADATION, UBIQUITIN-MEDIATED E2 UB.-CONJUGATING ENZYME S0000738"
YLL039C,UBI4,Protein folding / QC,2,"PROTEIN DEGRADATION, UBIQUITIN-MEDIATED UBIQUITIN S0003962"
YNL186W,UBP10,Protein folding / QC,2,"PROTEIN DEGRADATION, UBIQUITIN-MEDIATED UBIQUITIN C-TERMINAL HYDROLASE S0005130"
YMR304W,UBP15,Protein folding / QC,2,"PROTEIN DEGRADATION, UBIQUITIN-MEDIATED PUTATIVE DEUBIQUITINATING ENZYME S0004920"
YJL163C,YJL163C,Protein folding / QC,2,UNKNOWN; SIMILAR TO BOVINE PREFOLDIN SUBS0003699
YIR039C,YPS6,Protein folding / QC,2,PROTEIN DEGRADATION GPI-ANCHORED ASPARTIC PROTEASE S0001478
YPL160W,CDC60,Translation / Ribosome,3,"PROTEIN SYNTHESIS TRNA SYNTHETASE, LEUCYL S0006081"
YGL078C,DBP3,Translation / Ribosome,3,RRNA PROCESSING RNA HELICASE S0003046
YKR024C,DBP7,Translation / Ribosome,3,RIBOSOME BIOGENESIS PUTATIVE RNA HELICASE S0001732
YHR019C,DED81,Translation / Ribosome,3,"PROTEIN SYNTHESIS TRNA SYNTHETASE, ARPARAGINYL S0001061"
YPL266W,DIM1,Translation / Ribosome,3,"RRNA PROCESSING, 18S DIMETHYLADENOSINE TRANSFERASE S0006187"
YLL008W,DRS1,Translation / Ribosome,3,RRNA PROCESSING RNA HELICASE S0003931
YAL003W,EFB1,Translation / Ribosome,3,PROTEIN SYNTHESIS TRANSLATION ELONGATION FACTOR EF1-BETA S0000003
YDR385W,EFT2,Translation / Ribosome,3,PROTEIN SYNTHESIS TRANSLATION ELONGATION FACTOR EEF2 S0002793
YLR060W,FRS1,Translation / Ribosome,3,"PROTEIN SYNTHESIS TRNA SYNTHETASE, PHENYLALANYL, SUBUNIT S0004050"
YFL022C,FRS2,Translation / Ribosome,3,"PROTEIN SYNTHESIS TRNA SYNTHETASE, PHENYLALANYL S0001872"
YHR089C,GAR1,Translation / Ribosome,3,RRNA PROCESSING SNORNP PROTEIN S0001131
YOR260W,GCD1,Translation / Ribosome,3,PROTEIN SYNTHESIS TRANSLATION INITIATION FACTOR EIF2B GAMMS0005786
YNL062C,GCD10,Translation / Ribosome,3,PROTEIN SYNTHESIS TRANSLATION INITIATION FACTOR EIF3 RNA-BS0005006
YER025W,GCD11,Translation / Ribosome,3,PROTEIN SYNTHESIS TRANSLATION INITIATION FACTOR EIF2 GAMMAS0000827
YJL125C,GCD14,Translation / Ribosome,3,PROTEIN SYNTHESIS TRANSLATION REPRESSOR OF GCN4 S0003661
YGR083C,GCD2,Translation / Ribosome,3,PROTEIN SYNTHESIS TRANSLATION INITIATION FACTOR EIF2B SUBUS0003315
YDR211W,GCD6,Translation / Ribosome,3,PROTEIN SYNTHESIS TRANSLATION INITIATION FACTOR EIF2B SUBUS0002619
YLR291C,GCD7,Translation / Ribosome,3,PROTEIN SYNTHESIS TRANSLATION INITIATION FACTOR EIF2B SUBUS0004282
YKR026C,GCN3,Translation / Ribosome,3,PROTEIN SYNTHESIS TRANSLATION INITIATION FACTOR EIF2B S0001734
YOR168W,GLN4,Translation / Ribosome,3,"PROTEIN SYNTHESIS TRNA SYNTHETASE, GLUTAMINYL S0005694"
YBR121C,GRS1,Translation / Ribosome,3,"PROTEIN SYNTHESIS TRNA SYNTHASE, GLYCYL S0000325"
YJL033W,HCA4,Translation / Ribosome,3,RRNA PROCESSING RNA HELICASE S0003570
YPR033C,HTS1,Translation / Ribosome,3,"PROTEIN SYNTHESIS TRNA SYNTHETASE, HISTIDYL S0006237"
YHR148W,IMP3,Translation / Ribosome,3,RRNA PROCESSING U3 SNORNP PROTEIN S0001191
YNL075W,IMP4,Translation / Ribosome,3,RRNA PROCESSING U3 SNORNP PROTEIN S0005019
YDR037W,KRS1,Translation / Ribosome,3,"PROTEIN SYNTHESIS TRNA SYNTHETASE, LYSYL S0002444"
YER127W,LCP5,Translation / Ribosome,3,"RRNA PROCESSING, PUTATIVE UNKNOWN S0000929"
YKL205W,LOS1,Translation / Ribosome,3,TRNA SPLICING NUCLEAR PORE PROTEIN S0001688
YGR264C,MES1,Translation / Ribosome,3,"PROTEIN SYNTHESIS TRNA SYNTHETASE, METHIONYL S0003496"
YJR002W,MPP10,Translation / Ribosome,3,RRNA PROCESSING U3 SNORNP PROTEIN S0003762
YKL142W,MRP8,Translation / Ribosome,3,"PROTEIN SYNTHESIS RIBOSOMAL PROTEIN, MITOCHONDRIAL SMALL SS0001625"
YPL211W,NIP7,Translation / Ribosome,3,RRNA PROCESSING UNKNOWN S0006132
YPL043W,NOP4,Translation / Ribosome,3,RRNA PROCESSING RNA BINDING PROTEIN S0005964
YOR310C,NOP58,Translation / Ribosome,3,RIBOSOME BIOGENESIS NUCLEOLAR PROTEIN S0005837
YNL163C,PROTEIN,Translation / Ribosome,3,SYNTHESIS TRANSLATION ELONGATION FACTOR EEF4 S0005107
YMR302C,PRP12,Translation / Ribosome,3,RRNA PROCESSING MITOCHONDRIAL INNER MEMBRANE PROTEIN S0004917
YOR361C,PRT1,Translation / Ribosome,3,PROTEIN SYNTHESIS TRANSLATION INITIATION FACTOR EIF3 SUBUNS0005888
YPL212C,PUS1,Translation / Ribosome,3,TRNA PROCESSING PSEUDOURIDINE SYNTHASE S0006133
YNL292W,PUS4,Translation / Ribosome,3,TRNA PROCESSING PSEUDOURIDINE SYNTHASE S0005236
YNL002C,RLP7,Translation / Ribosome,3,PROTEIN SYNTHESIS RIBOSOMAL PROTEIN L7 (PUTATIVE) S0004947
YMR239C,RNT1,Translation / Ribosome,3,RRNA PROCESSING RIBONUCLEASE III S0004852
YGL171W,ROK1,Translation / Ribosome,3,RRNA PROCESSING RNA HELICASE S0003139
YBR079C,RPG1,Translation / Ribosome,3,PROTEIN SYNTHESIS TRANSLATION INITIATION FACTOR EIF3 S0000283
YLR075W,RPL10,Translation / Ribosome,3,PROTEIN SYNTHESIS RIBOSOMAL PROTEIN L10 S0004065
YPR102C,RPL11A,Translation / Ribosome,3,PROTEIN SYNTHESIS RIBOSOMAL PROTEIN L11A S0006306
YGR085C,RPL11B,Translation / Ribosome,3,PROTEIN SYNTHESIS RIBOSOMAL PROTEIN L11B S0003317
YEL054C,RPL12A,Translation / Ribosome,3,PROTEIN SYNTHESIS RIBOSOMAL PROTEIN L12A S0000780
YDR418W,RPL12B,Translation / Ribosome,3,PROTEIN SYNTHESIS RIBOSOMAL PROTEIN L12B S0002826
YDL082W,RPL13A,Translation / Ribosome,3,PROTEIN SYNTHESIS RIBOSOMAL PROTEIN L13A S0002240
YMR142C,RPL13B,Translation / Ribosome,3,PROTEIN SYNTHESIS RIBOSOMAL PROTEIN L13B S0004750
YKL006W,RPL14A,Translation / Ribosome,3,PROTEIN SYNTHESIS RIBOSOMAL PROTEIN L14A S0001489
YHL001W,RPL14B,Translation / Ribosome,3,PROTEIN SYNTHESIS RIBOSOMAL PROTEIN L14B S0000993
YLR029C,RPL15A,Translation / Ribosome,3,PROTEIN SYNTHESIS RIBOSOMAL PROTEIN L15A S0004019
YMR121C,RPL15B,Translation / Ribosome,3,PROTEIN SYNTHESIS RIBOSOMAL PROTEIN L15B S0004728
YIL133C,RPL16A,Translation / Ribosome,3,PROTEIN SYNTHESIS RIBOSOMAL PROTEIN L16A S0001395
YNL069C,RPL16B,Translation / Ribosome,3,PROTEIN SYNTHESIS RIBOSOMAL PROTEIN L16B S0005013
YKL180W,RPL17A,Translation / Ribosome,3,PROTEIN SYNTHESIS RIBOSOMAL PROTEIN L17A S0001663
YJL177W,RPL17B,Translation / Ribosome,3,PROTEIN SYNTHESIS RIBOSOMAL PROTEIN L17B S0003713
YOL120C,RPL18A,Translation / Ribosome,3,PROTEIN SYNTHESIS RIBOSOMAL PROTEIN L18A S0005480
YNL301C,RPL18B,Translation / Ribosome,3,PROTEIN SYNTHESIS RIBOSOMAL PROTEIN L18B S0005245
YBL027W,RPL19B,Translation / Ribosome,3,PROTEIN SYNTHESIS RIBOSOMAL PROTEIN L19B S0000123
YPL220W,RPL1A,Translation / Ribosome,3,PROTEIN SYNTHESIS RIBOSOMAL PROTEIN L1A S0006141
YGL135W,RPL1B,Translation / Ribosome,3,PROTEIN SYNTHESIS RIBOSOMAL PROTEIN L1B S0003103
YMR242C,RPL20A,Translation / Ribosome,3,PROTEIN SYNTHESIS RIBOSOMAL PROTEIN L20A S0004855
YOR312C,RPL20B,Translation / Ribosome,3,PROTEIN SYNTHESIS RIBOSOMAL PROTEIN L20B S0005839
YBR191W,RPL21A,Translation / Ribosome,3,PROTEIN SYNTHESIS RIBOSOMAL PROTEIN L21A S0000395
YPL079W,RPL21B,Translation / Ribosome,3,PROTEIN SYNTHESIS RIBOSOMAL PROTEIN L21B S0006000
YLR061W,RPL22A,Translation / Ribosome,3,PROTEIN SYNTHESIS RIBOSOMAL PROTEIN L22A S0004051
YBL087C,RPL23A,Translation / Ribosome,3,PROTEIN SYNTHESIS RIBOSOMAL PROTEIN L23A S0000183
YER117W,RPL23B,Translation / Ribosome,3,PROTEIN SYNTHESIS RIBOSOMAL PROTEIN L23B S0000919
YGL031C,RPL24A,Translation / Ribosome,3,PROTEIN SYNTHESIS RIBOSOMAL PROTEIN L24A S0002999
YGR148C,RPL24B,Translation / Ribosome,3,PROTEIN SYNTHESIS RIBOSOMAL PROTEIN L24B S0003380
YOL127W,RPL25,Translation / Ribosome,3,PROTEIN SYNTHESIS RIBOSOMAL PROTEIN L25 S0005487
YLR344W,RPL26A,Translation / Ribosome,3,PROTEIN SYNTHESIS RIBOSOMAL PROTEIN L26A S0004336
YGR034W,RPL26B,Translation / Ribosome,3,PROTEIN SYNTHESIS RIBOSOMAL PROTEIN L26B S0003266
YHR010W,RPL27A,Translation / Ribosome,3,PROTEIN SYNTHESIS RIBOSOMAL PROTEIN L27A S0001052
YDR471W,RPL27B,Translation / Ribosome,3,PROTEIN SYNTHESIS RIBOSOMAL PROTEIN L27B S0002879
YGL103W,RPL28,Translation / Ribosome,3,PROTEIN SYNTHESIS RIBOSOMAL PROTEIN L28 S0003071
YIL018W,RPL2B,Translation / Ribosome,3,PROTEIN SYNTHESIS RIBOSOMAL PROTEIN L2B S0001280
YOR063W,RPL3,Translation / Ribosome,3,PROTEIN SYNTHESIS RIBOSOMAL PROTEIN L3 S0005589
YGL030W,RPL30,Translation / Ribosome,3,PROTEIN SYNTHESIS RIBOSOMAL PROTEIN L30 S0002998
YDL075W,RPL31A,Translation / Ribosome,3,PROTEIN SYNTHESIS RIBOSOMAL PROTEIN L31A S0002233
YBL092W,RPL32,Translation / Ribosome,3,PROTEIN SYNTHESIS RIBOSOMAL PROTEIN L23 S0000188
YPL143W,RPL33A,Translation / Ribosome,3,PROTEIN SYNTHESIS RIBOSOMAL PROTEIN L33A S0006064
YOR234C,RPL33B,Translation / Ribosome,3,PROTEIN SYNTHESIS RIBOSOMAL PROTEIN L33B S0005760
YIL052C,RPL34B,Translation / Ribosome,3,PROTEIN SYNTHESIS RIBOSOMAL PROTEIN L34B S0001314
YDL191W,RPL35A,Translation / Ribosome,3,PROTEIN SYNTHESIS RIBOSOMAL PROTEIN L35A S0002350
YDL136W,RPL35B,Translation / Ribosome,3,PROTEIN SYNTHESIS RIBOSOMAL PROTEIN L35B S0002295
YMR194W,RPL36A,Translation / Ribosome,3,PROTEIN SYNTHESIS RIBOSOMAL PROTEIN L36A S0004807
YLR185W,RPL37A,Translation / Ribosome,3,PROTEIN SYNTHESIS RIBOSOMAL PROTEIN L37A S0004175
YDR500C,RPL37B,Translation / Ribosome,3,PROTEIN SYNTHESIS RIBOSOMAL PROTEIN L37B S0002908
YLR325C,RPL38,Translation / Ribosome,3,PROTEIN SYNTHESIS RIBOSOMAL PROTEIN L38 S0004317
YJL189W,RPL39,Translation / Ribosome,3,PROTEIN SYNTHESIS RIBOSOMAL PROTEIN L39 S0003725
YIL148W,RPL40A,Translation / Ribosome,3,PROTEIN SYNTHESIS RIBOSOMAL PROTEIN L40A S0001410
YKR094C,RPL40B,Translation / Ribosome,3,PROTEIN SYNTHESIS RIBOSOMAL PROTEIN L40B S0001802
YNL162W,RPL42A,Translation / Ribosome,3,PROTEIN SYNTHESIS RIBOSOMAL PROTEIN L42A S0005106
YHR141C,RPL42B,Translation / Ribosome,3,PROTEIN SYNTHESIS RIBOSOMAL PROTEIN L42B S0001183
YPR043W,RPL43A,Translation / Ribosome,3,PROTEIN SYNTHESIS RIBOSOMAL PROTEIN L34A S0006247
YBR031W,RPL4A,Translation / Ribosome,3,PROTEIN SYNTHESIS RIBOSOMAL PROTEIN L4A S0000235
YDR012W,RPL4B,Translation / Ribosome,3,PROTEIN SYNTHESIS RIBOSOMAL PROTEIN L4B S0002419
YML073C,RPL6A,Translation / Ribosome,3,PROTEIN SYNTHESIS RIBOSOMAL PROTEIN L6A S0004538
YLR448W,RPL6B,Translation / Ribosome,3,PROTEIN SYNTHESIS RIBOSOMAL PROTEIN L6B S0004440
YGL076C,RPL7A,Translation / Ribosome,3,PROTEIN SYNTHESIS RIBOSOMAL PROTEIN L7A S0003044
YPL198W,RPL7B,Translation / Ribosome,3,PROTEIN SYNTHESIS RIBOSOMAL PROTEIN L7B S0006119
YHL033C,RPL8A,Translation / Ribosome,3,PROTEIN SYNTHESIS RIBOSOMAL PROTEIN L8A S0001025
YLL045C,RPL8B,Translation / Ribosome,3,PROTEIN SYNTHESIS RIBOSOMAL PROTEIN L8B S0003968
YGL147C,RPL9A,Translation / Ribosome,3,PROTEIN SYNTHESIS RIBOSOMAL PROTEIN L9A S0003115
YNL067W,RPL9B,Translation / Ribosome,3,PROTEIN SYNTHESIS RIBOSOMAL PROTEIN L9B S0005011
YLR340W,RPP0,Translation / Ribosome,3,"PROTEIN SYNTHESIS RIBOSOMAL PROTEIN L10, ACIDIC S0004332"
YDL081C,RPP1A,Translation / Ribosome,3,"PROTEIN SYNTHESIS RIBOSOMAL PROTEIN P1A, ACIDIC S0002239"
YOL039W,RPP2A,Translation / Ribosome,3,"PROTEIN SYNTHESIS RIBOSOMAL PROTEIN P2A/L44, ACIDIC S0005399"
YDR382W,RPP2B,Translation / Ribosome,3,"PROTEIN SYNTHESIS RIBOSOMAL PROTEIN L45, ACIDIC S0002790"
YGR214W,RPS0A,Translation / Ribosome,3,PROTEIN SYNTHESIS RIBOSOMAL PROTEIN S0A S0003446
YLR048W,RPS0B,Translation / Ribosome,3,PROTEIN SYNTHESIS RIBOSOMAL PROTEIN S0B S0004038
YOR293W,RPS10A,Translation / Ribosome,3,PROTEIN SYNTHESIS RIBOSOMAL PROTEIN S10A S0005819
YMR230W,RPS10B,Translation / Ribosome,3,PROTEIN SYNTHESIS RIBOSOMAL PROTEIN S10B S0004843
YDR025W,RPS11A,Translation / Ribosome,3,PROTEIN SYNTHESIS RIBOSOMAL PROTEIN S11A S0002432
YBR048W,RPS11B,Translation / Ribosome,3,PROTEIN SYNTHESIS RIBOSOMAL PROTEIN S11B S0000252
YOR369C,RPS12,Translation / Ribosome,3,PROTEIN SYNTHESIS RIBOSOMAL PROTEIN S12 S0005896
YDR064W,RPS13,Translation / Ribosome,3,PROTEIN SYNTHESIS RIBOSOMAL PROTEIN S13 S0002471
YCR031C,RPS14A,Translation / Ribosome,3,PROTEIN SYNTHESIS RIBOSOMAL PROTEIN S14A S0000627
YJL191W,RPS14B,Translation / Ribosome,3,PROTEIN SYNTHESIS RIBOSOMAL PROTEIN S14B S0003727
YOL040C,RPS15,Translation / Ribosome,3,PROTEIN SYNTHESIS RIBOSOMAL PROTEIN S15 S0005400
YMR143W,RPS16A,Translation / Ribosome,3,PROTEIN SYNTHESIS RIBOSOMAL PROTEIN S16A S0004751
YDL083C,RPS16B,Translation / Ribosome,3,PROTEIN SYNTHESIS RIBOSOMAL PROTEIN S16B S0002241
YML024W,RPS17A,Translation / Ribosome,3,PROTEIN SYNTHESIS RIBOSOMAL PROTEIN S17A S0004486
YDR447C,RPS17B,Translation / Ribosome,3,PROTEIN SYNTHESIS RIBOSOMAL PROTEIN S17B S0002855
YDR450W,RPS18A,Translation / Ribosome,3,PROTEIN SYNTHESIS RIBOSOMAL PROTEIN S18A S0002858
YML026C,RPS18B,Translation / Ribosome,3,PROTEIN SYNTHESIS RIBOSOMAL PROTEIN S18B S0004488
YOL121C,RPS19A,Translation / Ribosome,3,PROTEIN SYNTHESIS RIBOSOMAL PROTEIN S19A S0005481
YNL302C,RPS19B,Translation / Ribosome,3,PROTEIN SYNTHESIS RIBOSOMAL PROTEIN S19B S0005246
YLR441C,RPS1A,Translation / Ribosome,3,PROTEIN SYNTHESIS RIBOSOMAL PROTEIN S1A S0004433
YML063W,RPS1B,Translation / Ribosome,3,PROTEIN SYNTHESIS RIBOSOMAL PROTEIN S1B S0004528
YGL123W,RPS2,Translation / Ribosome,3,PROTEIN SYNTHESIS RIBOSOMAL PROTEIN S2 S0003091
YKR057W,RPS21A,Translation / Ribosome,3,PROTEIN SYNTHESIS RIBOSOMAL PROTEIN S21A S0001765
YJL136C,RPS21B,Translation / Ribosome,3,PROTEIN SYNTHESIS RIBOSOMAL PROTEIN S21B S0003672
YJL190C,RPS22A,Translation / Ribosome,3,PROTEIN SYNTHESIS RIBOSOMAL PROTEIN S22A S0003726
YLR367W,RPS22B,Translation / Ribosome,3,PROTEIN SYNTHESIS RIBOSOMAL PROTEIN S22B S0004359
YGR118W,RPS23A,Translation / Ribosome,3,PROTEIN SYNTHESIS RIBOSOMAL PROTEIN S23A S0003350
YPR132W,RPS23B,Translation / Ribosome,3,PROTEIN SYNTHESIS RIBOSOMAL PROTEIN S23B S0006336
YER074W,RPS24A,Translation / Ribosome,3,PROTEIN SYNTHESIS RIBOSOMAL PROTEIN S24A S0000876
YGR027C,RPS25A,Translation / Ribosome,3,PROTEIN SYNTHESIS RIBOSOMAL PROTEIN S25A S0003259
YLR333C,RPS25B,Translation / Ribosome,3,PROTEIN SYNTHESIS RIBOSOMAL PROTEIN S25B S0004325
YGL189C,RPS26A,Translation / Ribosome,3,PROTEIN SYNTHESIS RIBOSOMAL PROTEIN S26A S0003157
YER131W,RPS26B,Translation / Ribosome,3,PROTEIN SYNTHESIS RIBOSOMAL PROTEIN S26B S0000933
YKL156W,RPS27A,Translation / Ribosome,3,PROTEIN SYNTHESIS RIBOSOMAL PROTEIN S27A S0001639
YHR021C,RPS27B,Translation / Ribosome,3,PROTEIN SYNTHESIS RIBOSOMAL PROTEIN S27B S0001063
YOR167C,RPS28A,Translation / Ribosome,3,PROTEIN SYNTHESIS RIBOSOMAL PROTEIN S28A S0005693
YLR264W,RPS28B,Translation / Ribosome,3,PROTEIN SYNTHESIS RIBOSOMAL PROTEIN S28B S0004254
YLR388W,RPS29A,Translation / Ribosome,3,PROTEIN SYNTHESIS RIBOSOMAL PROTEIN S29A S0004380
YDL061C,RPS29B,Translation / Ribosome,3,PROTEIN SYNTHESIS RIBOSOMAL PROTEIN S29B S0002219
YNL178W,RPS3,Translation / Ribosome,3,PROTEIN SYNTHESIS RIBOSOMAL PROTEIN S3 S0005122
YOR182C,RPS30B,Translation / Ribosome,3,PROTEIN SYNTHESIS RIBOSOMAL PROTEIN S30B S0005708
YLR167W,RPS31,Translation / Ribosome,3,PROTEIN SYNTHESIS RIBOSOMAL PROTEIN S31 S0004157
YJR145C,RPS4A,Translation / Ribosome,3,PROTEIN SYNTHESIS RIBOSOMAL PROTEIN S4A S0003906
YHR203C,RPS4B,Translation / Ribosome,3,PROTEIN SYNTHESIS RIBOSOMAL PROTEIN S4B S0001246
YJR123W,RPS5,Translation / Ribosome,3,PROTEIN SYNTHESIS RIBOSOMAL PROTEIN S5 S0003884
YPL090C,RPS6A,Translation / Ribosome,3,PROTEIN SYNTHESIS RIBOSOMAL PROTEIN S6A S0006011
YBR181C,RPS6B,Translation / Ribosome,3,PROTEIN SYNTHESIS RIBOSOMAL PROTEIN S6B S0000385
YOR096W,RPS7A,Translation / Ribosome,3,PROTEIN SYNTHESIS RIBOSOMAL PROTEIN S7A S0005622
YNL096C,RPS7B,Translation / Ribosome,3,PROTEIN SYNTHESIS RIBOSOMAL PROTEIN S7B S0005040
YBL072C,RPS8A,Translation / Ribosome,3,PROTEIN SYNTHESIS RIBOSOMAL PROTEIN S8 S0000168
YER102W,RPS8B,Translation / Ribosome,3,PROTEIN SYNTHESIS RIBOSOMAL PROTEIN S8B S0000904
YPL081W,RPS9A,Translation / Ribosome,3,PROTEIN SYNTHESIS RIBOSOMAL PROTEIN S9A S0006002
YBR189W,RPS9B,Translation / Ribosome,3,PROTEIN SYNTHESIS RIBOSOMAL PROTEIN S9B S0000393
YDR087C,RRP1,Translation / Ribosome,3,RRNA PROCESSING UNKNOWN S0002494
YHR065C,RRP3,Translation / Ribosome,3,RRNA PROCESSING RNA HELICASE S0001107
YDL111C,RRP42,Translation / Ribosome,3,RRNA PROCESSING EXORIBONUCLEASE S0002269
YCR035C,RRP43,Translation / Ribosome,3,RRNA PROCESSING EXORIBONUCLEASE S0000631
YDR280W,RRP45,Translation / Ribosome,3,RRNA PROCESSING 3'->5' EXORIBONUCLEASE S0002688
YMR229C,RRP5,Translation / Ribosome,3,RRNA PROCESSING UNKNOWN; REQUIRED FOR PRE-RRNA CLEAVAGE S0004842
YOR001W,RRP6,Translation / Ribosome,3,"RRNA PROCESSING, 5.8S UNKNOWN S0005527"
YCL031C,RRP7,Translation / Ribosome,3,RRNA PROCESSING UNKNOWN S0000536
YOR294W,RRS1,Translation / Ribosome,3,RIBOSOME BIOGENESIS (PUTATIVE) UNKNOWN S0005820
YDR023W,SES1,Translation / Ribosome,3,"PROTEIN SYNTHESIS TRNA SYNTHETASE, SERYL S0002430"
YLR197W,SIK1,Translation / Ribosome,3,RRNA PROCESSING NUCLEOLAR PROTEIN S0004187
YGR195W,SKI6,Translation / Ribosome,3,RRNA PROCESSING EXORIBONUCLEASE S0003427
YLL011W,SOF1,Translation / Ribosome,3,RRNA PROCESSING NUCLEOLAR SNRNP PROTEIN S0003934
YCL054W,SPB1,Translation / Ribosome,3,RIBOSOME BIOGENESIS RRNA METHYLTRANSFERASE (PUTATIVE) S0000559
YFL002C,SPB4,Translation / Ribosome,3,"RRNA PROCESSING, 25S RNA HELICASE S0001894"
YIR012W,SQT1,Translation / Ribosome,3,RIBOSOME BIOGENESIS (PUTATIVE) UNKNOWN S0001451
YNL209W,SSB2,Translation / Ribosome,3,TRANSLATION CYTOSOLIC HSP70 S0005153
YGL169W,SUA5,Translation / Ribosome,3,PROTEIN SYNTHESIS TRANSLATION INITIATION PROTEIN S0003137
YJR007W,SUI2,Translation / Ribosome,3,PROTEIN SYNTHESIS TRANSLATION INITIATION FACTOR EIF-2 ALPHS0003767
YPL237W,SUI3,Translation / Ribosome,3,PROTEIN SYNTHESIS TRANSLATION INITIATION FACTOR EIF2 BETA S0006158
YDR172W,SUP35,Translation / Ribosome,3,PROTEIN SYNTHESIS TRANSLATION RELEASE FACTOR S0002579
YBR143C,SUP45,Translation / Ribosome,3,PROTEIN SYNTHESIS TRANSLATION RELEASE FACTOR ERF1 SUBUNIT S0000347
YPR080W,TEF1,Translation / Ribosome,3,PROTEIN SYNTHESIS TRANSLATION ELONGATION FACTOR EF-1 ALPH S0006284
YBR118W,TEF2,Translation / Ribosome,3,PROTEIN SYNTHESIS TRANSLATION ELONGATION FACTOR EF-1 ALPHAS0000322
YKL081W,TEF4,Translation / Ribosome,3,PROTEIN SYNTHESIS TRANSLATION ELONGATION FACTOR EF-1GAMMA S0001564
YIL078W,THS1,Translation / Ribosome,3,"PROTEIN SYNTHESIS TRNA SYNTHETASE, THREONYL S0001340"
YKR059W,TIF1,Translation / Ribosome,3,PROTEIN SYNTHESIS TRANSLATION INITIATION FACTOR EIF4A S0001767
YJL138C,TIF2,Translation / Ribosome,3,PROTEIN SYNTHESIS TRANSLATION INITIATION FACTOR EIF4A S0003674
YPR163C,TIF3,Translation / Ribosome,3,PROTEIN SYNTHESIS TRANSLATION INITIATION FACTOR EIF4B S0006367
YMR146C,TIF34,Translation / Ribosome,3,"PROTEIN SYNTHESIS TRANSLATION INITIATION FACTOR EIF3, P39 S0004754"
YDR429C,TIF35,Translation / Ribosome,3,PROTEIN SYNTHESIS TRANSLATION INITIATION FACTOR EIF3 SUBUNS0002837
YPR041W,TIF5,Translation / Ribosome,3,PROTEIN SYNTHESIS TRANSLATION INITIATION FACTOR EIF5 S0006245
YPR016C,TIF6,Translation / Ribosome,3,RIBOSOME BIOGENESIS (PUTATIVE) UNKNOWN; SIMILAR TO HUMAN TRANSLATION INS0006220
YDR120C,TRM1,Translation / Ribosome,3,TRNA PROCESSING TRNA METHYLTRANSFERASE S0002527
YGR185C,TYS1,Translation / Ribosome,3,"PROTEIN SYNTHESIS TRNA SYNTHETASE, TYROSYL S0003417"
YGR094W,VAS1,Translation / Ribosome,3,"PROTEIN SYNTHESIS TRNA SYNTHETASE, VALYL S0003326"
YOL097C,WRS1,Translation / Ribosome,3,"PROTEIN SYNTHESIS TRNA LIGASE, TRYPTOPHAN S0005457"
YLR249W,YEF3,Translation / Ribosome,3,PROTEIN SYNTHESIS TRANSLATION ELONGATION FACTOR EEF3 S0004239
YGR201C,YGR201C,Translation / Ribosome,3,UNKNOWN; SIMILAR TO TRANSLATION ELONGATIS0003433
YHR020W,YHR020W,Translation / Ribosome,3,UNKNOWN; SIMILAR TO PROLYL-TRNA SYNTHETAS0001062
YMR155W,YMR155W,Translation / Ribosome,3,UNKNOWN; SIMILAR TO E. COLI RIBOSOMAL PRS0004764
YOR276W,CAF20,Gene expression (RNA),4,PROTEIN SYNTHESIS MRNA CAP-BINDING PROTEIN (EIF4F) 20K SUBS0005802
YDR440W,DOT1,Gene expression (RNA),4,"MEIOSIS, CHECKPOINT; TRANSCRIPTIONAL SILUNKNOWN S0002848"
YPL037C,EGD1,Gene expression (RNA),4,TRANSCRIPTION REGULATOR OF POL II TRANSCRIBED GENES; ES0005958
YMR277W,FCP1,Gene expression (RNA),4,TRANSCRIPTION TFIIF INTERACTING COMPONENT OF CTD PHOSPS0004890
YBR142W,MAK5,Gene expression (RNA),4,MRNA SPLICING RNA HELICASE S0000346
YKL009W,MRT4,Gene expression (RNA),4,MRNA DECAY UNKNOWN S0001492
YJL050W,MTR4,Gene expression (RNA),4,MRNA EXPORT RNA HELICASE S0003586
YHR170W,NMD3,Gene expression (RNA),4,"MRNA DECAY, NONSENSE-MEDIATED NAM7P/UPF1P-INTERACTING PROTEIN S0001213"
YER165W,PAB1,Gene expression (RNA),4,MRNA 3'-END PROCESSING CLEAVAGE/POLYADENYLATION FACTOR CF IA COS0000967
YGL120C,PRP43,Gene expression (RNA),4,MRNA SPLICING SPLICEOSOME DISASSEMBLY FACTOR; RNA HELIS0003088
YJR063W,RPA12,Gene expression (RNA),4,TRANSCRIPTION RNA POLYMERASE I SUBUNIT S0003824
YPR010C,RPA135,Gene expression (RNA),4,TRANSCRIPTION RNA POLYMERASE I 135 KD SUBUNIT S0006214
YJL148W,RPA34,Gene expression (RNA),4,TRANSCRIPTION RNA POLYMERASE I SUBUNIT S0003684
YNL248C,RPA49,Gene expression (RNA),4,TRANSCRIPTION RNA POLYMERASE I 46 KD SUBUNIT S0005192
YOR210W,RPB10,Gene expression (RNA),4,"TRANSCRIPTION SHARED SUBUNIT OF RNA POLYMERASES I, II,S0005736"
YIL021W,RPB3,Gene expression (RNA),4,TRANSCRIPTION RNA POLYMERASE II 45 KDA SUBUNI S0001283
YBR154C,RPB5,Gene expression (RNA),4,"TRANSCRIPTION SHARED SUBUNIT OF RNA POLYMERASES I, II,S0000358"
YOR224C,RPB8,Gene expression (RNA),4,"TRANSCRIPTION SHARED SUBUNIT OF RNA POLYMERASE I,II, AS0005750"
YGL070C,RPB9,Gene expression (RNA),4,TRANSCRIPTION RNA POLYMERASE II 14.2 SUBUNIT S0003038
YNL113W,RPC19,Gene expression (RNA),4,TRANSCRIPTION SUBUNIT COMMON TO RNA POLYMERASES I AND S0005057
YKL144C,RPC25,Gene expression (RNA),4,TRANSCRIPTION RNA POLYMERASE III 25 KD SUBUNIT S0001627
YNL151C,RPC31,Gene expression (RNA),4,TRANSCRIPTION RNA POLYMERASE III 31 KD SUBUNIT S0005095
YNR003C,RPC34,Gene expression (RNA),4,TRANSCRIPTION RNA POLYMERASE III 34 KD SUBUNIT S0005286
YPR110C,RPC40,Gene expression (RNA),4,TRANSCRIPTION RNA POLYMERASE III 40 KD SUBUNIT S0006314
YDL150W,RPC53,Gene expression (RNA),4,TRANSCRIPTION RNA POLYMERASE III 47 KD SUBUNIT S0002309
YPR190C,RPC82,Gene expression (RNA),4,TRANSCRIPTION RNA POLYMERASE III 82 KD SUBUNIT S0006394
YPR187W,RPO26,Gene expression (RNA),4,"TRANSCRIPTION SHARED SUBUNIT OF RNA POLYMERASES I, II,S0006391"
YGL208W,SIP2,Gene expression (RNA),4,TRANSCRIPTION COMPONENT OF SNF1 PROTEIN COMPLEX S0003176
YEL026W,SNU13,Gene expression (RNA),4,MRNA SPLICING (PUTATIVE) U4/U6.U5 SNRNP PROTEIN S0000752
YKR092C,SRP40,Gene expression (RNA),4,TRANSCRIPTION (PUTATIVE) SUPPRESSOR OF MUTANT AC40 SUBUNIT OF RNAS0001800
YDL084W,SUB2,Gene expression (RNA),4,MRNA SPLICING RNA HELICASE S0002242
YGR162W,TIF4631,Gene expression (RNA),4,PROTEIN SYNTHESIS MRNA CAP-BINDING PROTEIN (EIF4F) 150K SUS0003394
YCR072C,YCR072C,Gene expression (RNA),4,UNKNOWN; SIMILAR TO NUCLEAR MRNA PROCESSS0000668
YJL103C,YJL103C,Gene expression (RNA),4,UNKNOWN; SIMILAR TO TRANSCRIPTION FACTORS0003639
YDL051W,YLA1,Gene expression (RNA),4,UNKNOWN RNA BINDING PROTEIN S0002209
YPR144C,YPR144C,Gene expression (RNA),4,UNKNOWN; SIMILAR TO RNA POLYMERASE BETA S0006348
YLR175W,CBF5,Genome / Cell cycle,5,MITOSIS CENTROMERIC MICROTUBULE BINDING PROTEIN S0004165
YGL029W,CGR1,Genome / Cell cycle,5,UNKNOWN UNKNOWN; SIMILAR TO HUMAN CHROMATIN ASSES0002997
YDR254W,CHL4,Genome / Cell cycle,5,"MITOSIS, CHROMOSOME SEGREGATION UNKNOWN S0002662"
YPL086C,HPA1,Genome / Cell cycle,5,CHROMATIN STRUCTURE HISTONE ACETYLTRANSFERASE COMPLEX SUBUNIS0006007
YER142C,MAG1,Genome / Cell cycle,5,DNA REPAIR 3-METHYLADENINE DNA GLYCOSYLASE S0000944
YGL087C,MMS2,Genome / Cell cycle,5,"DNA REPAIR, POSTREPLICATION UNKNOWN S0003055"
YDR097C,MSH6,Genome / Cell cycle,5,DNA REPAIR MUTS HOMOLOG; MISMATCH REPAIR S0002504
YML060W,OGG1,Genome / Cell cycle,5,DNA REPAIR 8-OXOGUANINE DNA GLYCOSYLASE S0004525
YNL102W,POL1,Genome / Cell cycle,5,DNA REPLICATION POLYMERASE ALPHA 180 KD SUBUNIT S0005046
YBL035C,POL12,Genome / Cell cycle,5,"DNA REPLICATION DNA POLYMERASE ALPHA, 70 KD SUBUNIT S0000131"
YJR043C,POL32,Genome / Cell cycle,5,DNA REPLICATION POLYMERASE DELTA 55 KD SUBUNIT S0003804
YLL036C,PRP19,Genome / Cell cycle,5,MRNA SPLICING; DNA REPAIR NON-SNRNP SPLICEOSOME COMPONENT S0003959
YOR217W,RFC1,Genome / Cell cycle,5,DNA REPLICATION DNA REPLICATION FACTOR C 95 KD SUBUNIT S0005743
YMR234W,RNH1,Genome / Cell cycle,5,DNA REPLICATION (PUTATIVE) RIBONUCLEASE H S0004847
YML043C,RRN11,Genome / Cell cycle,5,TRANSCRIPTION COMPONENT OF RDNA TRANSCRIPTION FACTOR S0004507
YJL080C,SCP160,Genome / Cell cycle,5,"MITOSIS, CHROMOSOME TRANSMISSION UNKNOWN S0003616"
YGL213C,SKI8,Genome / Cell cycle,5,"MEIOSIS, RECOMBINATION ANTIVIRAL RNA BINDING PROTEIN S0003181"
YLR178C,TFS1,Genome / Cell cycle,5,CELL CYCLE SUPPRESSES CDC25 MUTATIONS S0004168
YJR066W,TOR1,Genome / Cell cycle,5,"SIGNALING, CELL CYCLE AND MEIOSIS PHOSPHATIDYLINOSITOL 3-KINASE S0003827"
YNL299W,TRF5,Genome / Cell cycle,5,MITOSIS RELATED TO DNA TOPOISOMERASE I S0005243
YGR209C,TRX2,Genome / Cell cycle,5,DNA REPLICATION THIOREDOXIN II S0003441
YNL227C,YNL227C,Genome / Cell cycle,5,UNKNOWN; SIMILAR TO E. COLI DNAJ AND OTHS0005171
YGR285C,ZUO1,Genome / Cell cycle,5,UNKNOWN BINDS Z-DNA S0003517
YGL156W,AMS1,Membrane / Trafficking,6,CELL WALL CATABOLISM VACUOLAR ALPHA-MANNOSIDASE S0003124
YDR184C,ATC1,Membrane / Trafficking,6,CELL POLARITY MEMBER OF BUD6P COMPLEX S0002592
YML042W,CAT2,Membrane / Trafficking,6,FATTY ACID TRANSPORT CARNITINE O-ACETYLTRANSFERASE S0004506
YAL059W,ECM1,Membrane / Trafficking,6,CELL WALL BIOGENESIS UNKNOWN S0000055
YMR128W,ECM16,Membrane / Trafficking,6,CELL WALL BIOGENESIS UNKNOWN S0004735
YKR076W,ECM4,Membrane / Trafficking,6,CELL WALL BIOGENESIS UNKNOWN S0001784
YLR083C,EMP70,Membrane / Trafficking,6,SECRETION (PUTATIVE) ENDOSOMAL MEMBRANE PROTEIN S0004073
YCR034W,FEN1,Membrane / Trafficking,6,"CELL WALL BIOGENESIS BETA-1,3-GLUCAN SYNTHASE SUBUNIT S0000630"
YEL042W,GDA1,Membrane / Trafficking,6,GOLGI ORGANIZATION GOLGI MEMBRANE GUANOSINE DIPHOSPHATASE S0000768
YEL011W,GLC3,Membrane / Trafficking,6,CELL WALL BIOGENESIS GLYCOGEN BRANCHING ENZYME S0000737
YGL225W,GOG5,Membrane / Trafficking,6,PROTEIN GLYCOSYLATION GOLGI GDP-MANNOSE TRANSPORTER S0003193
YHR096C,HXT5,Membrane / Trafficking,6,TRANSPORT HEXOSE PERMEASE S0001138
YKL110C,KTI12,Membrane / Trafficking,6,KILLER TOXIN RESISTANCE UNKNOWN S0001593
YKL150W,MCR1,Membrane / Trafficking,6,ELECTRON CARRIER CYTOCHROME-B5 REDUCTASE S0001633
YGR158C,MTR3,Membrane / Trafficking,6,MRNA TRANSPORT NUCLEOLAR PROTEIN S0003390
YPR149W,NCE102,Membrane / Trafficking,6,"SECRETION, NON-CLASSICAL UNKNOWN S0006353"
YHR042W,NCP1,Membrane / Trafficking,6,MICROSOMAL ELECTRON TRANSFER NADP-CYTOCHROME P450 REDUCTASE S0001084
YNL183C,NPR1,Membrane / Trafficking,6,TRANSPORT PROTEIN KINASE; REGULATES ACTIVITY OF NIS0005127
YER009W,NTF2,Membrane / Trafficking,6,NUCLEAR PROTEIN TARGETING NUCLEAR TRANSPORT FACTOR S0000811
YBR106W,PHO88,Membrane / Trafficking,6,PHOSPHATE TRANSPORT REGULATOR OF PHO81 S0000310
YGL008C,PMA1,Membrane / Trafficking,6,H+ HOMEOSTASIS PLASMA MEMBRANE H+-ATPASE S0002976
YGL006W,PMC1,Membrane / Trafficking,6,TRANSPORT VACUOLAR CA(2+)-ATPASE S0002974
YHR026W,PPA1,Membrane / Trafficking,6,VACUOLAR ACIDIFICATION VACUOLAR H+-ATPASE PROTEOLIPID PROTEIN S0001068
YJR059W,PTK2,Membrane / Trafficking,6,POLYAMINE TRANSPORT SER/THR PROTEIN KINASE S0003820
YKL188C,PXA2,Membrane / Trafficking,6,"TRANSPORT PEROXISOMAL FATTY ACID TRANSPORTER, ABC S0001671"
YMR079W,SEC14,Membrane / Trafficking,6,SECRETION PI/PC TRANSFER PROTEIN S0004684
YGR229C,SMI1,Membrane / Trafficking,6,CELL WALL BIOGENESIS MAY REGULATE GLUCAN AND CHITIN SYNTHESISS0003461
YJR104C,SOD1,Membrane / Trafficking,6,OXIDATIVE STRESS RESPONSE COPPER-ZINC SUPEROXIDE DISMUTASE S0003865
YKL154W,SRP102,Membrane / Trafficking,6,SECRETION SIGNAL RECOGNITION PARTICLE SUBUNIT S0001637
YKL122C,SRP21,Membrane / Trafficking,6,SECRETION SIGNAL RECOGNITION PARTICLE SUBUNIT S0001605
YBR283C,SSH1,Membrane / Trafficking,6,SECRETION ER PROTEIN TRANSLOCATION COMPLEX SUBUNITS0000487
YLR250W,SSP120,Membrane / Trafficking,6,SECRETION UNKNOWN S0004240
YER118C,SSU81,Membrane / Trafficking,6,"SIGNALING, HIGH OSMOLARITY PATHWAY TRANSMEMBRANE OSMOSENSOR S0000920"
YDR513W,TTR1,Membrane / Trafficking,6,ELECTRON CARRIER GLUTAREDOXIN S0002921
YMR197C,VTI1,Membrane / Trafficking,6,SECRETION CIS-GOLGI V-SNARE S0004810
YKL065C,YET1,Membrane / Trafficking,6,UNKNOWN ER 25 KDA TRANSMEMBRANE PROTEIN S0001548
YGL104C,YGL104C,Membrane / Trafficking,6,UNKNOWN; SIMILAR TO GLUCOSE TRANSPORT PRS0003072
YJL198W,YJL198W,Membrane / Trafficking,6,"UNKNOWN; SIMILAR TO PHO87P, MEMBER OF THS0003734"
YOR374W,ALD4,Mitochondria / Respiration,7,ETHANOL UTILIZATION MITOCHONDRIAL ALDEHYDE DEHYDROGENASE S0005901
YER141W,COX15,Mitochondria / Respiration,7,RESPIRATION CYTOCHROME OXIDASE ASSEMBLY FACTOR S0000943
YEL039C,CYC7,Mitochondria / Respiration,7,RESPIRATION CYTOCHROME C (ISOFORM 2) S0000765
YMR081C,ISF1,Mitochondria / Respiration,7,"RNA SPLICING, MITOCHONDRIAL INTERACTS WITH NAM7P S0004686"
YKL093W,MBR1,Mitochondria / Respiration,7,MITOCHONDRIAL BIOGENESIS UNKNOWN S0001576
YBR026C,MRF1,Mitochondria / Respiration,7,' MITOCHONDRIAL RESPIRATION ARS-BINDING PROTEIN S0000230
YJL208C,NUC1,Mitochondria / Respiration,7,MITOCHONDRIAL RECOMBINATION ENDONUCLEASE S0003744
YIL136W,OM45,Mitochondria / Respiration,7,(PUTATIVE) MITOCHONDRIAL ORGANIZATION OUTER MITOCHONDRIAL MEMBRANE PROTEIN S0001398
YNL055C,POR1,Mitochondria / Respiration,7,TRANSPORT MITOCHONDRIAL OUTER MEMBRANE PORIN S0005000
YGR008C,STF2,Mitochondria / Respiration,7,ATP SYNTHESIS ATPASE STABILIZING FACTOR S0003240
YER053C,YER053C,Mitochondria / Respiration,7,UNKNOWN; SIMILAR TO C. ELEGANS MITOCHONDS0000855
YNL141W,AAH1,Carbon metabolism,8,PURINE METABOLISM ADENINE DEAMINASE S0005085
YBR149W,ARA1,Carbon metabolism,8,ARABINOSE METABOLISM ARABINOSE DEHYDROGENASE S0000353
YHR137W,ARO9,Carbon metabolism,8,AROMATIC AMINO ACID METABOLISM AROMATIC AMINO ACID AMINOTRANSFERASE II S0001179
YPR026W,ATH1,Carbon metabolism,8,TREHALOSE METABOLISM VACUOLAR ACID TREHALASE S0006230
YAL038W,CDC19,Carbon metabolism,8,GLYCOLYSIS PYRUVATE KINASE S0000036
YNR001C,CIT1,Carbon metabolism,8,TCA CYCLE CITRATE SYNTHASE S0005284
YHR144C,DCD1,Carbon metabolism,8,PYRIMIDINE METABOLISM DEOXYCYTIDYLATE DEAMINASE S0001187
YBR252W,DUT1,Carbon metabolism,8,PYRIMIDINE METABOLISM DUTP PYROPHOSPHATASE S0000456
YOR317W,FAA1,Carbon metabolism,8,FATTY ACID METABOLISM LONG CHAIN FATTY ACYL:COA SYNTHETASE S0005844
YJL155C,FBP26,Carbon metabolism,8,"FRUCTOSE METABOLISM FRUCTOSE-2,6-BISPHOSPHATASE S0003691"
YKR009C,FOX2,Carbon metabolism,8,FATTY ACID METABOLISM PEROXISOMAL BETA-OXIDATION PROTEIN S0001717
YKR058W,GLG1,Carbon metabolism,8,GLYCOGEN METABOLISM GLYCOGEN SYNTHESIS INITIATOR S0001766
YCL040W,GLK1,Carbon metabolism,8,GLYCOLYSIS GLUCOKINASE S0000545
YML004C,GLO1,Carbon metabolism,8,AMINO ACID METABOLISM GLYOXALASE I S0004463
YDL022W,GPD1,Carbon metabolism,8,GLYCEROL METABOLISM GLYCEROL-3-PHOSPHATE DEHYDROGENAS S0002180
YDL021W,GPM2,Carbon metabolism,8,GLYCOLYSIS PHOSPHOGLYCERATE MUTASE S0002179
YLR258W,GSY2,Carbon metabolism,8,GLYCOGEN METABOLISM GLYCOGEN SYNTHASE S0004248
YIR038C,GTT1,Carbon metabolism,8,GLUTATHIONE METABOLISM GLUTATHIONE TRANSFERASE S0001477
YMR217W,GUA1,Carbon metabolism,8,PURINE METABOLISM GMP SYNTHASE S0004830
YDR454C,GUK1,Carbon metabolism,8,GUANINE NUCLEOTIDE METABOLISM GUANYLATE KINASE S0002862
YFR053C,HXK1,Carbon metabolism,8,GLYCOLYSIS HEXOKINASE I S0001949
YNL009W,IDP3,Carbon metabolism,8,TCA CYCLE ISOCITRATE DEHYDROGENASE S0004954
YBR084W,MIS1,Carbon metabolism,8,FOLATE METABOLISM C1-TETRAHYDROFOLATE SYNTHASE S0000288
YNR043W,MVD1,Carbon metabolism,8,STEROL METABOLISM MEVALONATE PYROPHOSPHATE DECARBOXYLASE S0005326
YDR001C,NTH1,Carbon metabolism,8,"TREHALOSE METABOLISM ALPHA, ALPHA-TREHALASE S0002408"
YLR044C,PDC1,Carbon metabolism,8,GLYCOLYSIS PYRUVATE DECARBOXYLASE S0004034
YLR134W,PDC5,Carbon metabolism,8,GLYCOLYSIS PYRUVATE DECARBOXYLASE S0004124
YGL248W,PDE1,Carbon metabolism,8,"PURINE METABOLISM 3',5'-CYCLIC-NUCLEOTIDE PHOSPHODIESTERASS0003217"
YIL107C,PFK26,Carbon metabolism,8,FRUCTOSE AND MANNOSE METABOLISM 6-PHOSPHOFRUCTOSE-2-KINASE S0001369
YMR105C,PGM2,Carbon metabolism,8,GLYCOLYSIS PHOSPHOGLUCOMUTASE S0004711
YDR465C,RMT2,Carbon metabolism,8,ARGININE METABOLISM ARGININE METHYLTRANSFERASE S0002873
YLR372W,SUR4,Carbon metabolism,8,FATTY ACID METABOLISM CONVERSION OF 24-CARBON TO 26-CARBON FATS0004364
YBR126C,TPS1,Carbon metabolism,8,TREHALOSE METABOLISM TREHALOSE-6-PHOSPHATE SYNTHAS S0000330
YDR074W,TPS2,Carbon metabolism,8,TREHALOSE METABOLISM TREHALOSE-6-PHOSPHATE PHOSPHATASE S0002481
YML100W,TSL1,Carbon metabolism,8,TREHALOSE METABOLISM TREHALOSE-6-PHOSPHATE SYNTHASE/PHOSPHATAS0004566
YGR019W,UGA1,Carbon metabolism,8,GABA METABOLISM 4-AMINOBUTYRATE AMINOTRANSFERASE (GABA TS0003251
YKL035W,UGP1,Carbon metabolism,8,"PYRIMIDINE METABOLISM UGP1, UDP-GLUCOSE PYROPHOSPHORYLASE S0001518"
YKL067W,YNK1,Carbon metabolism,8,NUCLEOTIDE METABOLISM NUCLEOSIDE DIPHOSPHATE KINASE S0001550
YNL134C,YNL134C,Carbon metabolism,8,UNKNOWN; SIMILAR TO C. CARBONUM TOXD GENS0005078
YML022W,APT1,Biosynthesis (AA/Nuc),9,PURINE BIOSYNTHESIS ADENINE PHOSPHORIBOSYLTRANSFERASE S0004484
YGL148W,ARO2,Biosynthesis (AA/Nuc),9,AROMATIC AMINO ACID BIOSYNTHESIS CHORISMATE SYNTHASE S0003116
YBR249C,ARO4,Biosynthesis (AA/Nuc),9,AROMATIC AMINO ACID BIOSYNTHESIS 2-DEHYDRO-3-DEOXYPHOSPHOHEPTONATE ALDOLAS0000453
YPR060C,ARO7,Biosynthesis (AA/Nuc),9,AROMATIC AMINO ACID BIOSYNTHESIS CHORISMATE MUTASE S0006264
YPR145W,ASN1,Biosynthesis (AA/Nuc),9,ASPARAGINE BIOSYNTHESIS ASPARAGINE SYNTHETASE S0006349
YGR124W,ASN2,Biosynthesis (AA/Nuc),9,ASPARAGINE BIOSYNTHESIS ASPARAGINE SYNTHETASE S0003356
YJR025C,BNA1,Biosynthesis (AA/Nuc),9,NICOTINIC ACID BIOSYNTHESIS 3-HYDROXYANTHRANILIC ACID DIOXYGENASE S0003786
YDR204W,COQ4,Biosynthesis (AA/Nuc),9,UBIQUINONE BIOSYNTHESIS UNKNOWN S0002612
YML110C,COQ5,Biosynthesis (AA/Nuc),9,UBIQUINONE BIOSYNTHESIS METHYLTRANSFERASE S0004578
YLR172C,DPH5,Biosynthesis (AA/Nuc),9,DIPHTHAMIDE BIOSYNTHESIS DIPHTHAMIDE METHYLTRANSFERASE S0004162
YHR068W,DYS1,Biosynthesis (AA/Nuc),9,HYPUSINE BIOSYNTHESIS DEOXYHYPUSINE SYNTHASE S0001110
YLR299W,ECM38,Biosynthesis (AA/Nuc),9,GLUTATHIONE BIOSYNTHESIS GAMMA-GLUTAMYLTRANSFERASE S0004290
YHR128W,FUR1,Biosynthesis (AA/Nuc),9,PYRIMIDINE SALVAGE PATHWAY URACIL PHOSPHORIBOSYLTRANSFERASE S0001170
YIL020C,HIS6,Biosynthesis (AA/Nuc),9,HISTIDINE BIOSYNTHESIS PHOSPHORIBOSYL IMIDAZOLECARBOXAMIDE ISOMS0001282
YOR209C,NPT1,Biosynthesis (AA/Nuc),9,NAD BIOSYNTHESIS NICOTINATE PHOSPHORIBOSYLTRANSFERASE S0005735
YDR300C,PRO1,Biosynthesis (AA/Nuc),9,PROLINE BIOSYNTHESIS GLUTAMATE 5-KINASE S0002708
YKL181W,PRS1,Biosynthesis (AA/Nuc),9,"PURINE, PYRIMIDINE, TRYPTOPHAN AND HISTIPHOSPHORIBOSYLPYROPHOSPHATE SYNTHETASE S0001664"
YHL011C,PRS3,Biosynthesis (AA/Nuc),9,PURINE BIOSYNTHESIS RIBOSE-PHOSPHATE PYROPHOSPHOKINASE 3 S0001003
YHR216W,PUR5,Biosynthesis (AA/Nuc),9,PURINE BIOSYNTHESIS IMP DEHYDROGENASE S0001259
YER070W,RNR1,Biosynthesis (AA/Nuc),9,DNA REPLICATION RIBONUCLEOTIDE REDUCTASE S0000872
YER043C,SAH1,Biosynthesis (AA/Nuc),9,METHIONINE BIOSYNTHESIS S-ADENOSYL-L-HOMOCYSTEINE HYDROLASE S0000845
YLR146C,SPE4,Biosynthesis (AA/Nuc),9,SPERMINE BIOSYNTHESIS SPERMINE SYNTHASE S0004136
YHR025W,THR1,Biosynthesis (AA/Nuc),9,THREONINE BIOSYNTHESIS HOMOSERINE KINASE S0001067
YCR053W,THR4,Biosynthesis (AA/Nuc),9,THREONINE BIOSYNTHESIS THREONINE SYNTHASE S0000649
YMR271C,URA10,Biosynthesis (AA/Nuc),9,PYRIMIDINE BIOSYNTHESIS OROTATE PHOSPHORIBOSYLTRANSFERASE S0004884
YML106W,URA5,Biosynthesis (AA/Nuc),9,PYRIMIDINE BIOSYNTHESIS OROTATE PHOSPHORIBOSYLTRANSFERASE S0004574
YBL039C,URA7,Biosynthesis (AA/Nuc),9,PYRIMIDINE BIOSYNTHESIS CTP SYNTHASE 1 S0000135
YGL180W,APG1,Autophagy / Vacuole,10,AUTOPHAGY PROTEIN KINASE S0003148
YBL078C,AUT7,Autophagy / Vacuole,10,AUTOPHAGY MICROTUBULE-ASSOCIATED PROTEIN (PUTATIVES0000174
YEL005C,VAB31,Autophagy / Vacuole,10,VACUOLAR PROTEIN TARGETING (PUTATIVE) UNKNOWN; VAC8P BINDING PROTEIN S0000731
YKL080W,VMA5,Autophagy / Vacuole,10,VACUOLAR ACIDIFICATION VACUOLAR H+-ATPASE V1 SECTOR SUBUNIT S0001563
YLR447C,VMA6,Autophagy / Vacuole,10,VACUOLAR ACIDIFICATION VACUOLAR H+-ATPASE V0 DOMAIN 36 KD SUBUNS0004439
YBR204C,YBR204C,Autophagy / Vacuole,10,UNKNOWN; SIMILAR TO PEROXISOMAL SERINE-AS0000408
YDR085C,AFR1,Other,11,"MATING CYTOSKELETAL PROTEIN, SIMILAR TO ARRESTIS0002492"
YMR170C,ALD2,Other,11,ETHANOL UTILIZATION ALDEHYDE DEHYDROGENASE S0004780
YMR169C,ALD3,Other,11,ETHANOL UTILIZATION ALDEHYDE DEHYDROGENASE S0004779
YLR370C,ARC18,Other,11,CYTOSKELETON CORTICAL ACTIN PATCH INTEGRITY; ARP2/3 CS0004362
YHR013C,ARD1,Other,11,PROTEIN PROCESSING PROTEIN N-ACETYLTRANSFERASE SUBUNIT S0001055
YPR034W,ARP7,Other,11,CYTOSKELETON (PUTATIVE) ACTIN-RELATED PROTEIN S0006238
YMR116C,ASC1,Other,11,PROTEIN SYNTHESIS (PUTATIVE) G-BETA LIKE PROTEIN S0004722
YDR321W,ASP1,Other,11,ASPARAGINE UTILIZATION L-ASPARAGINASE I S0002729
YLR433C,CNA1,Other,11,SIGNALING CALCINEURIN CATALYTIC A SUBUNIT S0004425
YHR193C,EGD2,Other,11,PROTEIN SYNTHESIS (PUTATIVE) HOMOLOG OF HUMAN NASCENT-POLYPEPTIDE-ASSS0001236
YBR247C,ENP1,Other,11,PROTEIN GLYCOSYLATION PUTATIVE OLIGOSACCHARYLTRANSFERASE COMPLS0000451
YDR272W,GLO2,Other,11,METHYLGLYOXAL RESISTANCE GLYOXALASE II S0002680
YGR256W,GND2,Other,11,PENTOSE PHOSPHATE CYCLE 6-PHOSPHOGLUCONATE DEHYDROGENASE S0003488
YLR293C,GSP1,Other,11,"NUCLEAR PROTEIN TARGETING GTP-BINDING PROTEIN, RAS SUPERFAMILY S0004284"
YOR185C,GSP2,Other,11,NUCLEAR ORGANIZATION GTPASE; RAN HOMOLOG S0005711
YBR034C,HMT1,Other,11,PROTEIN PROCESSING ARGININE METHYLTRANSFERASE S0000238
YJL057C,IKS1,Other,11,SIGNALING (PUTATIVE) PROTEIN KINASE S0003593
YER110C,KAP123,Other,11,NUCLEAR PROTEIN TARGETING BETA-KARYOPHERIN S0000912
YLR017W,MEU1,Other,11,GLUCOSE DEREPRESSION REGULATOR OF ADH2 EXPRESSION S0004007
YNL061W,NOP2,Other,11,NUCLEAR ORGANIZATION NUCLEOLAR PROTEIN S0005005
YJL002C,OST1,Other,11,PROTEIN GLYCOSYLATION OLIGOSACCHARYLTRANSFERASE COMPLEX SUBUNIS0003539
YGR078C,PAC10,Other,11,CYTOSKELETON NON-NATIVE ACTIN BINDING COMPLEX SUBUNITS0003310
YIL045W,PIG2,Other,11,GLUCOSE REPRESSION (PUTATIVE) GLC7P REGULATORY SUBUNIT S0001307
YPL203W,PKA3,Other,11,"SIGNALING, NUTRIENT CONTROL OF CELL GROWCAMP-DEPENDENT PROTEIN KINASE CATALYTIC S0006124"
YJR143C,PMT4,Other,11,PROTEIN GLYCOSYLATION DOLICHYL PHOSPHATE-D-MANNOSE:PROTEIN O-DS0003904
YMR297W,PRC1,Other,11,SPORULATION CARBOXYPEPTIDASE Y S0004912
YBL068W,PRS4,Other,11,PENTOSE PHOSPHATE CYCLE RIBOSE-PHOSPHATE PYROPHOSPHOKINASE S0000164
YMR308C,PSE1,Other,11,NUCLEAR PROTEIN TARGETING BETA-KARYOPHERIN S0004925
YMR139W,RIM11,Other,11,MEIOSIS PROTEIN KINASE S0004747
YOR095C,RKI1,Other,11,PENTOSE PHOSPHATE CYCLE RIBOSE-5-PHOSPHATE KETOL-ISOMERASE S0005621
YMR235C,RNA1,Other,11,RNA EXPORT GTPASE ACTIVATING PROTEIN FOR GSP1P S0004848
YLR406C,RPL31B,Other,11,
YDL184C,RPL41A,Other,11,
YPL131W,RPL5,Other,11,
YDL130W,RPP1B,Other,11,
YHL015W,RPS20,Other,11,
YIL069C,RPS24B,Other,11,
YGR152C,RSR1,Other,11,"BUD SITE SELECTION GTP-BINDING PROTEIN, RAS SUPERFAMILY S0003384"
YDL153C,SAS10,Other,11,"SILENCING NUCLEAR PROTEIN, REULATOR OF SILENCING AS0002312"
YKL193C,SDS22,Other,11,GLUCOSE REPRESSION GLC7P REGULATORY SUBUNIT S0001676
YFL045C,SEC53,Other,11,PROTEIN GLYCOSYLATION PHOSPHOMANNOMUTASE S0001849
YIL099W,SGA1,Other,11,"SPORULATION GLUCAN 1,4-ALPHA-GLUCOSIDASE S0001361"
YLR336C,SGD1,Other,11,SIGNALING (PUTATIVE) HIGH OSMOLARITY PATHWAY S0004328
YJL164C,SRA3,Other,11,SIGNALING CAMP-DEPENDENT PROTEIN KINASE SUBUNIT S0003700
YGL097W,SRM1,Other,11,NUCLEAR TARGETING; MATING GDP/GTP EXCHANGE FACTOR FOR GSP1P/GSP2P S0003065
YCL037C,SRO9,Other,11,CYTOSKELETON ACTIN FILAMENT ORGANIZATION S0000542
YDR312W,SSF2,Other,11,SIGNALING (PUTATIVE) SUPPRESSES G-PROTEIN BETA SUBUNIT MUTATIS0002720
YPR074C,TKL1,Other,11,PENTOSE PHOSPHATE CYCLE TRANSKETOLASE S0006278
YGR194C,XKS1,Other,11,XYLULOSE UTILIZATION XYLULOKINASE S0003426
YJL141C,YAK1,Other,11,SIGNALING SERINE-THREONINE PROTEIN KINASE S0003677
YIL113W,YIL113W,Other,11,PROTEIN PHOSPHATASE S0001375
YIL120W,YIL120W,Other,11,MAJOR FACILITATOR SUPERFAMILY S0001382
YKL078W,YKL078W,Other,11,PUTATIVE RNA HELICASE S0001561
YMR253C,YMR253C,Other,11,MAJOR FACILITATOR SUPERFAMILY S0004866
YNL274C,YNL274C,Other,11,PUTATIVE ALPHA-KETOISOCAPROATE REDUCTASES0005218
YOL084W,YOL084W,Other,11,MAJOR FACILITATOR SUPERFAMILY S0005444
YOR272W,YTM1,Other,11,CYTOSKELETON (PUTATIVE) MICROTUBULE-ASSOCIATED PROTEIN S0005798
YIR026C,YVH1,Other,11,SPORULATION PROTEIN PHOSPHATASE S0001465
YNL241C,ZWF1,Other,11,PENTOSE PHOSPHATE CYCLE GLUCOSE-6-PHOSPHATE DEHYDROGENASE S0005185
YMR173W,-A,Unknown,12,UNKNOWN UNKNOWN S0004785
YLR397C,AFG2,Unknown,12,UNKNOWN (PUTATIVE) AAA ATPASE S0004389
YLR267W,BOP2,Unknown,12,UNKNOWN UNKNOWN; BYPASS OF PAM1 S0004257
YBR155W,CNS1,Unknown,12,UNKNOWN UNKNOWN; SIMILAR TO STI1P; SUPPRESSES CYS0000359
YDL031W,DBP10,Unknown,12,UNKNOWN UNKNOWN; SIMILAR TO RNA HELICASES S0002189
YHR169W,DBP8,Unknown,12,UNKNOWN RNA HELICASE S0001212
YLR276C,DBP9,Unknown,12,UNKNOWN PUTATIVE RNA HELICASE S0004266
YLR129W,DIP2,Unknown,12,UNKNOWN INTERACTS WITH DOM3P S0004119
YNL001W,DOM34,Unknown,12,PROTEIN SYNTHESIS (PUTATIVE) UNKNOWN S0004946
YKL172W,EBP2,Unknown,12,UNKNOWN UNKNOWN; EBNA1-BINDING PROTEIN HOMOLOG S0001655
YLL038C,ENT4,Unknown,12,ENDOCYTOSIS (PUTATIVE) UNKNOWN; EPSIN HOMOLOG S0003961
YAL036C,FUN11,Unknown,12,UNKNOWN UNKNOWN; SIMILAR TO XENOPUS LAEVIS GTP-BS0000034
YAL035W,FUN12,Unknown,12,UNKNOWN UNKNOWN; SIMILAR TO BACILLUS SUBTILIS IFS0000033
YNR002C,FUN34,Unknown,12,UNKNOWN UNKNOWN S0005285
YMR307W,GAS1,Unknown,12,UNKNOWN CELL SURFACE GLYCOPROTEIN S0004924
YMR136W,GAT2,Unknown,12,UNKNOWN UNKNOWN S0004744
YDR096W,GIS1,Unknown,12,UNKNOWN UNKNOWN S0002503
YNL255C,GIS2,Unknown,12,UNKNOWN UNKNOWN; GIG3 SUPPRESSOR S0005199
YMR290C,HAS1,Unknown,12,UNKNOWN RNA HELICASE S0004903
YGR187C,HGH1,Unknown,12,UNKNOWN UNKNOWN; SIMILAR TO HUMAN HMG1P AND HMG2S0003419
YPR067W,ISA2,Unknown,12,UNKNOWN UNKNOWN; IRON SULFUR ASSEMBLY -- ISCA/NIS0006271
YPL263C,KEL3,Unknown,12,UNKNOWN UNKNOWN; SIMILAR TO KEL1P AND KEL2P S0006184
YOR233W,KIN4,Unknown,12,UNKNOWN PROTEIN KINASE S0005759
YCR091W,KIN82,Unknown,12,UNKNOWN PROTEIN KINASE S0000687
YLL019C,KNS1,Unknown,12,UNKNOWN PROTEIN KINASE S0003942
YCL059C,KRR1,Unknown,12,UNKNOWN ESSENTIAL S0000564
YPL054W,LEE1,Unknown,12,UNKNOWN UNKNOWN S0005975
YKL143W,LTV1,Unknown,12,UNKNOWN UNKNOWN; REQUIRED FOR VIABILITY AT LOW TS0001626
YKL021C,MAK11,Unknown,12,DSRNA VIRUS PROPAGATION UNKNOWN; ESSENTIAL GENE S0001504
YAL025C,MAK16,Unknown,12,DSRNA VIRUS PROPAGATION UNKNOWN; ESSENTIAL GENE S0000023
YJL183W,MNN11,Unknown,12,UNKNOWN MANNOSYLTRANSFERASE COMPLEX SUBUNIT S0003719
YOR188W,MSB1,Unknown,12,POLARIZED GROWTH UNKNOWN S0005714
YGR023W,MTL1,Unknown,12,SIGNALING (PUTATIVE) UNKNOWN; ACTS WITH MID2P S0003255
YBL024W,NCL1,Unknown,12,UNKNOWN UNKNOWN; SIMILAR TO HUMAN PROLIFERATING S0000120
YMR309C,NIP1,Unknown,12,"NUCLEAR PROTEIN TARGETING UNKNOWN, SIMILAR TO NSR1 S0004926"
YDL167C,NRP1,Unknown,12,UNKNOWN UNKNOWN S0002326
YGR123C,PPT1,Unknown,12,UNKNOWN PROTEIN PHOSPHATASE S0003355
YLR196W,PWP1,Unknown,12,UNKNOWN UNKNOWN; SIMILAR TO BETA-TRANSDUCIN SUPES0004186
YCR057C,PWP2,Unknown,12,CYTOSKELETON (PUTATIVE) UNKNOWN S0000653
YKR056W,RNC1,Unknown,12,UNKNOWN ENDO-EXONUCLEASE S0001764
YPL152W,RRD2,Unknown,12,DRUG RESISTANCE UNKNOWN S0006073
YGR248W,SOL4,Unknown,12,UNKNOWN UNKNOWN; SIMILAR TO SOL3P S0003480
YER150W,SPI1,Unknown,12,UNKNOWN UNKNOWN; SIMILAR TO SED1P; INDUCED IN STS0000952
YHR066W,SSF1,Unknown,12,MATING (PUTATIVE) UNKNOWN S0001108
YKL124W,SSH4,Unknown,12,UNKNOWN SUPPRESSES SHR3 MUTATION S0001607
YMR053C,STB2,Unknown,12,UNKNOWN BINDS SIN3P S0004657
YDR169C,STB3,Unknown,12,UNKNOWN BINDS SIN3P S0002576
YLR150W,STM1,Unknown,12,UNKNOWN UNKNOWN; SUPPRESSOR OF TOM1 AND POP2 MUTS0004140
YNL066W,SUN4,Unknown,12,AGING UNKNOWN S0005010
YDR161W,TCI1,Unknown,12,UNKNOWN INTERACTS WITH PP2C S0002568
YDR350C,TCM10,Unknown,12,UNKNOWN UNKNOWN S0002758
YPL230W,USV1,Unknown,12,UNKNOWN UNKNOWN; EXPRESSION INCREASES UPON STARVS0006151
YEL040W,UTR2,Unknown,12,UNKNOWN UNKNOWN S0000766
YAL061W,YAL061W,Unknown,12,UNKNOWN; SIMILAR TO ALCOHOL/SORBITOL DEHS0000057
YAR073W,YAR073W,Unknown,12,"UNKNOWN; SIMILAR TO PUR5P, MAY BE AN INS0000095"
YAR075W,YAR075W,Unknown,12,UNKNOWN S0002145
YBL028C,YBL028C,Unknown,12,UNKNOWN S0000124
YBL049W,YBL049W,Unknown,12,UNKNOWN S0000145
YBL054W,YBL054W,Unknown,12,UNKNOWN S0000150
YBL064C,YBL064C,Unknown,12,UNKNOWN; SIMILAR TO TSA1P S0000160
YBL077W,YBL077W,Unknown,12,UNKNOWN S0000173
YBR006W,YBR006W,Unknown,12,UNKNOWN; SIMILAR TO ALDEHYDE DEHYDROGENAS0000210
YBR025C,YBR025C,Unknown,12,UNKNOWN S0000229
YBR030W,YBR030W,Unknown,12,UNKNOWN; SIMILAR TO SIN3P S0000234
YBR052C,YBR052C,Unknown,12,"UNKNOWN; SIMILAR TO YCP4P, S. POMBE OBR1S0000256"
YBR053C,YBR053C,Unknown,12,UNKNOWN; SIMILAR TO RAT CALCIUM-BINDING S0000257
YBR056W,YBR056W,Unknown,12,"UNKNOWN; SIMILAR TO GLUCAN-1,3-BETA-GLUCS0000260"
YBR061C,YBR061C,Unknown,12,UNKNOWN; SIMILAR TO CTR86P AND E. COLI FS0000265
YBR089W,YBR089W,Unknown,12,UNKNOWN S0000293
YBR139W,YBR139W,Unknown,12,UNKNOWN; SIMILAR TO SERINE-TYPE CARBOXYPS0000343
YBR183W,YBR183W,Unknown,12,UNKNOWN; SIMILAR TO H. INFLUENZAE LIC-1 S0000387
YBR230C,YBR230C,Unknown,12,UNKNOWN S0000434
YBR238C,YBR238C,Unknown,12,UNKNOWN S0000442
YBR246W,YBR246W,Unknown,12,UNKNOWN S0000450
YBR266C,YBR266C,Unknown,12,UNKNOWN S0000470
YBR267W,YBR267W,Unknown,12,UNKNOWN S0000471
YBR269C,YBR269C,Unknown,12,UNKNOWN S0000473
YBR285W,YBR285W,Unknown,12,UNKNOWN S0000489
YBR287W,YBR287W,Unknown,12,UNKNOWN S0000491
YCL035C,YCL035C,Unknown,12,UNKNOWN; SIMILAR TO THIOLTRANSFERASE TTRS0000540
YCL042W,YCL042W,Unknown,12,UNKNOWN S0000547
YCL045C,YCL045C,Unknown,12,UNKNOWN S0000550
YCR004C,YCP4,Unknown,12,UNKNOWN UNKNOWN; SIMILAR TO S. POMBE BREFELDIN AS0000597
YCR016W,YCR016W,Unknown,12,UNKNOWN S0000609
YCR061W,YCR061W,Unknown,12,UNKNOWN S0000657
YCR062W,YCR062W,Unknown,12,UNKNOWN S0000658
YDL023C,YDL023C,Unknown,12,UNKNOWN S0002181
YDL027C,YDL027C,Unknown,12,UNKNOWN S0002185
YDL050C,YDL050C,Unknown,12,UNKNOWN S0002208
YDL060W,YDL060W,Unknown,12,UNKNOWN S0002218
YDL062W,YDL062W,Unknown,12,UNKNOWN S0002220
YDL063C,YDL063C,Unknown,12,UNKNOWN S0002221
YDL110C,YDL110C,Unknown,12,UNKNOWN S0002268
YDL124W,YDL124W,Unknown,12,UNKNOWN S0002282
YDL151C,YDL151C,Unknown,12,UNKNOWN S0002310
YDL199C,YDL199C,Unknown,12,UNKNOWN; SIMILAR TO MEMBERS OF THE SUGARS0002358
YDL201W,YDL201W,Unknown,12,UNKNOWN S0002360
YDL204W,YDL204W,Unknown,12,UNKNOWN S0002363
YDL222C,YDL222C,Unknown,12,UNKNOWN; SIMILAR TO SUR7P S0002381
YDR003W,YDR003W,Unknown,12,UNKNOWN; SIMILAR TO YBR005P S0002410
YDR032C,YDR032C,Unknown,12,UNKNOWN; SIMILAR TO YCP4P AND S. POMBE OS0002439
YDR070C,YDR070C,Unknown,12,UNKNOWN S0002477
YDR083W,YDR083W,Unknown,12,UNKNOWN S0002490
YDR091C,YDR091C,Unknown,12,UNKNOWN; SIMILAR TO MEMBERS OF THE ATP-BS0002498
YDR101C,YDR101C,Unknown,12,UNKNOWN S0002508
YDR152W,YDR152W,Unknown,12,UNKNOWN S0002559
YDR165W,YDR165W,Unknown,12,UNKNOWN S0002572
YDR190C,YDR190C,Unknown,12,UNKNOWN S0002598
YDR233C,YDR233C,Unknown,12,UNKNOWN S0002641
YDR255C,YDR255C,Unknown,12,UNKNOWN S0002663
YDR286C,YDR286C,Unknown,12,UNKNOWN S0002694
YDR287W,YDR287W,Unknown,12,UNKNOWN; SIMILAR TO INOSITOL MONOPHOSPHAS0002695
YDR324C,YDR324C,Unknown,12,UNKNOWN; SIMILAR TO G-PROTEIN BETA SUBUNS0002732
YDR339C,YDR339C,Unknown,12,UNKNOWN S0002747
YDR346C,YDR346C,Unknown,12,UNKNOWN S0002754
YDR358W,YDR358W,Unknown,12,UNKNOWN S0002766
YDR361C,YDR361C,Unknown,12,UNKNOWN S0002769
YDR365C,YDR365C,Unknown,12,UNKNOWN S0002773
YDR380W,YDR380W,Unknown,12,UNKNOWN; SIMILAR TO PYRUVATE DECARBOXYLAS0002788
YDR398W,YDR398W,Unknown,12,UNKNOWN S0002806
YDR412W,YDR412W,Unknown,12,UNKNOWN S0002820
YDR413C,YDR413C,Unknown,12,UNKNOWN S0002821
YDR417C,YDR417C,Unknown,12,UNKNOWN S0002825
YDR449C,YDR449C,Unknown,12,UNKNOWN S0002857
YDR453C,YDR453C,Unknown,12,UNKNOWN; SIMILAR TO TSA1P S0002861
YDR474C,YDR474C,Unknown,12,UNKNOWN S0002882
YDR496C,YDR496C,Unknown,12,UNKNOWN S0002904
YDR512C,YDR512C,Unknown,12,UNKNOWN S0002920
YDR516C,YDR516C,Unknown,12,UNKNOWN; SIMILAR TO GLK1P S0002924
YDR533C,YDR533C,Unknown,12,UNKNOWN S0002941
YER006W,YER006W,Unknown,12,UNKNOWN; SIMILAR TO MOUSE MMR1P PROTEIN S0000808
YER035W,YER035W,Unknown,12,UNKNOWN S0000837
YER036C,YER036C,Unknown,12,UNKNOWN; SIMILAR TO MEMBERS OF THE ATP-BS0000838
YER037W,YER037W,Unknown,12,UNKNOWN S0000839
YER038C,YER038C,Unknown,12,UNKNOWN S0000840
YER049W,YER049W,Unknown,12,UNKNOWN S0000851
YER079W,YER079W,Unknown,12,UNKNOWN S0000881
YER082C,YER082C,Unknown,12,UNKNOWN S0000884
YER119C,YER119C,Unknown,12,UNKNOWN; SIMILAR TO MEMBERS OF THE MAJORS0000921
YER126C,YER126C,Unknown,12,UNKNOWN S0000928
YER158C,YER158C,Unknown,12,UNKNOWN; SIMILAR TO AFR1P S0000960
YFL023W,YFL023W,Unknown,12,UNKNOWN S0001871
YFL044C,YFL044C,Unknown,12,UNKNOWN S0001850
YFR001W,YFR001W,Unknown,12,UNKNOWN; SIMILAR TO S.POMBE PAD1 PROTEINS0001897
YGL010W,YGL010W,Unknown,12,UNKNOWN S0002978
YGL037C,YGL037C,Unknown,12,UNKNOWN S0003005
YGL059W,YGL059W,Unknown,12,UNKNOWN; SIMILAR TO RAT BRANCHED-CHAIN AS0003027
YGL096W,YGL096W,Unknown,12,UNKNOWN; SIMILAR TO CUP9P S0003064
YGL099W,YGL099W,Unknown,12,UNKNOWN; SIMILAR TO HUMAN POSSIBLE GTP-BS0003067
YGL102C,YGL102C,Unknown,12,UNKNOWN S0003070
YGL111W,YGL111W,Unknown,12,UNKNOWN S0003079
YGL121C,YGL121C,Unknown,12,UNKNOWN S0003089
YNL160W,YGP1,Unknown,12,DIAUXIC SHIFT UNKNOWN; RESPONSE TO NUTRIENT LIMITATIONS0005104
YGR043C,YGR043C,Unknown,12,UNKNOWN; SIMILAR TO TAL1P S0003275
YGR054W,YGR054W,Unknown,12,UNKNOWN; SIMILAR TO C. ELEGANS C14B9.6 PS0003286
YGR081C,YGR081C,Unknown,12,UNKNOWN; SIMILAR TO CHICKEN MYOSIN HEAVYS0003313
YGR103W,YGR103W,Unknown,12,UNKNOWN S0003335
YGR127W,YGR127W,Unknown,12,UNKNOWN; SIMILAR TO MOUSE T10 PROTEIN PIS0003359
YGR128C,YGR128C,Unknown,12,UNKNOWN; SIMILAR TO HAEMOPHILUS GLUTAMATS0003360
YGR145W,YGR145W,Unknown,12,UNKNOWN; SIMILAR TO MESA GENE OF PLASMODS0003377
YGR149W,YGR149W,Unknown,12,UNKNOWN; SIMILAR TO HYPOTHETICAL PROTEINS0003381
YGR151C,YGR151C,Unknown,12,UNKNOWN S0003383
YGR160W,YGR160W,Unknown,12,UNKNOWN S0003392
YGR161C,YGR161C,Unknown,12,UNKNOWN S0003393
YGR173W,YGR173W,Unknown,12,UNKNOWN; SIMILAR TO HUMAN GTP-BINDING PRS0003405
YGR200C,YGR200C,Unknown,12,UNKNOWN S0003432
YGR228W,YGR228W,Unknown,12,UNKNOWN S0003460
YGR237C,YGR237C,Unknown,12,UNKNOWN S0003469
YGR245C,YGR245C,Unknown,12,UNKNOWN S0003477
YGR250C,YGR250C,Unknown,12,UNKNOWN S0003482
YGR251W,YGR251W,Unknown,12,UNKNOWN S0003483
YGR265W,YGR265W,Unknown,12,UNKNOWN S0003497
YGR272C,YGR272C,Unknown,12,UNKNOWN S0003504
YGR280C,YGR280C,Unknown,12,UNKNOWN S0003512
YGR283C,YGR283C,Unknown,12,UNKNOWN S0003515
YHL013C,YHL013C,Unknown,12,UNKNOWN S0001005
YHL021C,YHL021C,Unknown,12,UNKNOWN S0001013
YHL039W,YHL039W,Unknown,12,UNKNOWN S0001031
YHR052W,YHR052W,Unknown,12,UNKNOWN S0001094
YHR087W,YHR087W,Unknown,12,UNKNOWN S0001129
YHR088W,YHR088W,Unknown,12,UNKNOWN S0001130
YHR097C,YHR097C,Unknown,12,UNKNOWN S0001139
YHR112C,YHR112C,Unknown,12,UNKNOWN; SIMILAR TO CYSTATHIONINE GAMMA-S0001154
YHR133C,YHR133C,Unknown,12,UNKNOWN S0001175
YHR138C,YHR138C,Unknown,12,UNKNOWN S0001180
YHR196W,YHR196W,Unknown,12,UNKNOWN S0001239
YHR197W,YHR197W,Unknown,12,UNKNOWN S0001240
YIL019W,YIL019W,Unknown,12,UNKNOWN S0001281
YIL079C,YIL079C,Unknown,12,UNKNOWN; SIMILAR TO GAG POLYPROTEIN S0001341
YIL096C,YIL096C,Unknown,12,UNKNOWN S0001358
YIL097W,YIL097W,Unknown,12,UNKNOWN S0001359
YIL104C,YIL104C,Unknown,12,UNKNOWN S0001366
YIL110W,YIL110W,Unknown,12,UNKNOWN S0001372
YIL124W,YIL124W,Unknown,12,UNKNOWN; SIMILAR TO INSECT-TYPE ALCOHOL/S0001386
YIL127C,YIL127C,Unknown,12,UNKNOWN S0001389
YJL015C,YJL015C,Unknown,12,UNKNOWN S0003552
YJL017W,YJL017W,Unknown,12,UNKNOWN S0003554
YJL021C,YJL021C,Unknown,12,UNKNOWN S0003558
YJL048C,YJL048C,Unknown,12,UNKNOWN S0003584
YJL066C,YJL066C,Unknown,12,UNKNOWN S0003602
YJL068C,YJL068C,Unknown,12,UNKNOWN; SIMILAR TO HUMAN ESTERASE D S0003604
YJL069C,YJL069C,Unknown,12,UNKNOWN S0003605
YJL109C,YJL109C,Unknown,12,UNKNOWN S0003645
YJL122W,YJL122W,Unknown,12,UNKNOWN S0003658
YJL132W,YJL132W,Unknown,12,UNKNOWN; SIMILAR TO PHOSPHOLIPASE D S0003668
YJL142C,YJL142C,Unknown,12,UNKNOWN S0003678
YJL144W,YJL144W,Unknown,12,UNKNOWN S0003680
YJL161W,YJL161W,Unknown,12,UNKNOWN S0003697
YJL188C,YJL188C,Unknown,12,UNKNOWN S0003724
YJR003C,YJR003C,Unknown,12,UNKNOWN; SIMILAR TO HUMAN COLLAGEN ALPHAS0003763
YJR008W,YJR008W,Unknown,12,UNKNOWN S0003768
YJR014W,YJR014W,Unknown,12,UNKNOWN S0003775
YJR041C,YJR041C,Unknown,12,UNKNOWN; SIMILAR TO PODOSPORA ANSERINA NS0003802
YJR070C,YJR070C,Unknown,12,UNKNOWN S0003831
YJR071W,YJR071W,Unknown,12,UNKNOWN S0003832
YJR096W,YJR096W,Unknown,12,UNKNOWN; SIMILAR TO ALDOLASE REDUCTASE S0003857
YJR124C,YJR124C,Unknown,12,UNKNOWN; SIMILAR TO MULTIDRUG RESISTANCES0003885
YKL026C,YKL026C,Unknown,12,"UNKNOWN; SIMILAR TO HYR1P, YBR244P, AND S0001509"
YKL056C,YKL056C,Unknown,12,UNKNOWN S0001539
YKL082C,YKL082C,Unknown,12,UNKNOWN S0001565
YKL091C,YKL091C,Unknown,12,UNKNOWN; SIMILAR TO SEC14P S0001574
YKL099C,YKL099C,Unknown,12,UNKNOWN; SIMILAR TO HUMAN KINESIN HEAVY S0001582
YKL100C,YKL100C,Unknown,12,UNKNOWN S0001583
YKL121W,YKL121W,Unknown,12,UNKNOWN S0001604
YKL133C,YKL133C,Unknown,12,UNKNOWN S0001616
YKL151C,YKL151C,Unknown,12,UNKNOWN S0001634
YKR011C,YKR011C,Unknown,12,UNKNOWN S0001719
YKR025W,YKR025W,Unknown,12,UNKNOWN S0001733
YKR043C,YKR043C,Unknown,12,UNKNOWN S0001751
YKR049C,YKR049C,Unknown,12,UNKNOWN S0001757
YKR060W,YKR060W,Unknown,12,UNKNOWN S0001768
YKR067W,YKR067W,Unknown,12,UNKNOWN; SIMILAR TO SCT1P S0001775
YKR079C,YKR079C,Unknown,12,UNKNOWN S0001787
YKR081C,YKR081C,Unknown,12,UNKNOWN S0001789
YLL020C,YLL020C,Unknown,12,UNKNOWN S0003943
YLL034C,YLL034C,Unknown,12,UNKNOWN; SIMILAR TO MAMMALIAN VALOSIN-COS0003957
YLL035W,YLL035W,Unknown,12,UNKNOWN S0003958
YLL044W,YLL044W,Unknown,12,UNKNOWN S0003967
YLR001C,YLR001C,Unknown,12,UNKNOWN S0003991
YLR002C,YLR002C,Unknown,12,UNKNOWN S0003992
YLR003C,YLR003C,Unknown,12,UNKNOWN S0003993
YLR051C,YLR051C,Unknown,12,UNKNOWN S0004041
YLR062C,YLR062C,Unknown,12,UNKNOWN S0004052
YLR063W,YLR063W,Unknown,12,UNKNOWN S0004053
YLR065C,YLR065C,Unknown,12,UNKNOWN S0004055
YLR073C,YLR073C,Unknown,12,UNKNOWN S0004063
YLR074C,YLR074C,Unknown,12,UNKNOWN S0004064
YLR076C,YLR076C,Unknown,12,UNKNOWN S0004066
YLR080W,YLR080W,Unknown,12,UNKNOWN S0004070
YLR149C,YLR149C,Unknown,12,UNKNOWN S0004139
YLR152C,YLR152C,Unknown,12,UNKNOWN; SIMILAR TO ECM3P S0004142
YLR183C,YLR183C,Unknown,12,UNKNOWN S0004173
YLR186W,YLR186W,Unknown,12,UNKNOWN S0004176
YLR198C,YLR198C,Unknown,12,UNKNOWN S0004188
YLR221C,YLR221C,Unknown,12,UNKNOWN S0004211
YLR222C,YLR222C,Unknown,12,UNKNOWN S0004212
YLR243W,YLR243W,Unknown,12,UNKNOWN S0004233
YLR251W,YLR251W,Unknown,12,UNKNOWN; SIMILAR TO MOUSE MPV17 PROTEIN S0004241
YLR252W,YLR252W,Unknown,12,UNKNOWN S0004242
YLR270W,YLR270W,Unknown,12,UNKNOWN S0004260
YLR290C,YLR290C,Unknown,12,UNKNOWN S0004281
YLR312C,YLR312C,Unknown,12,UNKNOWN S0004303
YLR327C,YLR327C,Unknown,12,UNKNOWN; SIMILAR TO STF2P S0004319
YLR339C,YLR339C,Unknown,12,UNKNOWN S0004331
YLR345W,YLR345W,Unknown,12,UNKNOWN S0004337
YLR356W,YLR356W,Unknown,12,"UNKNOWN; SIMILAR TO SCM4P, POSSIBLE CDC4S0004348"
YLR400W,YLR400W,Unknown,12,UNKNOWN S0004392
YLR401C,YLR401C,Unknown,12,UNKNOWN; SIMILAR TO R. CAPSULATUS PROTEIS0004393
YLR405W,YLR405W,Unknown,12,UNKNOWN S0004397
YLR409C,YLR409C,Unknown,12,UNKNOWN S0004401
YLR412W,YLR412W,Unknown,12,UNKNOWN S0004404
YLR413W,YLR413W,Unknown,12,UNKNOWN S0004405
YLR432W,YLR432W,Unknown,12,UNKNOWN; SIMILAR TO PUR5P AND INOSINE-5'S0004424
YLR435W,YLR435W,Unknown,12,UNKNOWN S0004427
YML018C,YML018C,Unknown,12,UNKNOWN S0004480
YML056C,YML056C,Unknown,12,UNKNOWN; SIMILAR TO INOSINE-5'-MONOPHOSPS0004520
YML080W,YML080W,Unknown,12,UNKNOWN; SIMILAR TO AZOSPIRILLUM BRASILES0004545
YML082W,YML082W,Unknown,12,UNKNOWN; SIMILAR TO O-SUCCINYLHOMOSERINES0004547
YML093W,YML093W,Unknown,12,UNKNOWN S0004558
YML128C,YML128C,Unknown,12,UNKNOWN S0004597
YML131W,YML131W,Unknown,12,UNKNOWN S0004600
YMR014W,YMR014W,Unknown,12,UNKNOWN S0004616
YMR041C,YMR041C,Unknown,12,UNKNOWN S0004644
YMR049C,YMR049C,Unknown,12,UNKNOWN S0004652
YMR090W,YMR090W,Unknown,12,UNKNOWN; SIMILAR TO MALATE DEHYDROGENASES0004696
YMR093W,YMR093W,Unknown,12,UNKNOWN S0004699
YMR110C,YMR110C,Unknown,12,UNKNOWN; SIMILAR TO ALDEHYDE DEHYDROGENAS0004716
YMR131C,YMR131C,Unknown,12,UNKNOWN S0004738
YMR181C,YMR181C,Unknown,12,UNKNOWN S0004793
YMR196W,YMR196W,Unknown,12,UNKNOWN S0004809
YMR212C,YMR212C,Unknown,12,UNKNOWN; SIMILAR TO MYOSIN HEAVY CHAINS S0004825
YMR215W,YMR215W,Unknown,12,UNKNOWN; SIMILAR TO GAS1P S0004828
YMR250W,YMR250W,Unknown,12,UNKNOWN; SIMILAR TO GLUTAMATE DECARBOXYLS0004862
YMR251W,YMR251W,Unknown,12,UNKNOWN S0004863
YMR269W,YMR269W,Unknown,12,UNKNOWN S0004882
YMR291W,YMR291W,Unknown,12,UNKNOWN S0004905
YMR310C,YMR310C,Unknown,12,UNKNOWN S0004927
YMR315W,YMR315W,Unknown,12,UNKNOWN S0004932
YMR321C,YMR321C,Unknown,12,UNKNOWN S0004940
YNL010W,YNL010W,Unknown,12,UNKNOWN S0004955
YNL022C,YNL022C,Unknown,12,UNKNOWN S0004967
YNL110C,YNL110C,Unknown,12,UNKNOWN S0005054
YNL114C,YNL114C,Unknown,12,UNKNOWN S0005058
YNL115C,YNL115C,Unknown,12,UNKNOWN S0005059
YNL119W,YNL119W,Unknown,12,UNKNOWN S0005063
YNL120C,YNL120C,Unknown,12,UNKNOWN S0005064
YNL124W,YNL124W,Unknown,12,UNKNOWN S0005068
YNL132W,YNL132W,Unknown,12,UNKNOWN; SIMILAR TO ACHLYA AMBISEXUALIS S0005076
YNL174W,YNL174W,Unknown,12,UNKNOWN S0005118
YNL175C,YNL175C,Unknown,12,"UNKNOWN; SIMILAR TO NSR1P, HAS TWO RNA RS0005119"
YNL182C,YNL182C,Unknown,12,UNKNOWN S0005126
YNL194C,YNL194C,Unknown,12,UNKNOWN; SIMILAR TO SUR7P S0005138
YNL195C,YNL195C,Unknown,12,UNKNOWN S0005139
YNL200C,YNL200C,Unknown,12,UNKNOWN S0005144
YNL208W,YNL208W,Unknown,12,UNKNOWN S0005152
YNL228W,YNL228W,Unknown,12,UNKNOWN S0005172
YNL256W,YNL256W,Unknown,12,UNKNOWN S0005200
YNL303W,YNL303W,Unknown,12,UNKNOWN S0005247
YNL305C,YNL305C,Unknown,12,UNKNOWN; SIMILAR TO ASPERGILLUS NIDULANSS0005249
YNL308C,YNL308C,Unknown,12,UNKNOWN; SIMILAR TO MGM1P S0005252
YNL313C,YNL313C,Unknown,12,UNKNOWN S0005257
YNR009W,YNR009W,Unknown,12,UNKNOWN S0005292
YNR024W,YNR024W,Unknown,12,UNKNOWN S0005307
YNR053C,YNR053C,Unknown,12,UNKNOWN; SIMILAR TO HUMAN BREAST TUMOR-AS0005336
YNR054C,YNR054C,Unknown,12,UNKNOWN S0005337
YOL022C,YOL022C,Unknown,12,UNKNOWN S0005382
YOL041C,YOL041C,Unknown,12,UNKNOWN S0005401
YOL048C,YOL048C,Unknown,12,UNKNOWN S0005408
YOL077C,YOL077C,Unknown,12,UNKNOWN; SIMILAR TO C. ELEGANS KQ2H4.3 PS0005437
YOL082W,YOL082W,Unknown,12,UNKNOWN S0005442
YOL083W,YOL083W,Unknown,12,UNKNOWN S0005443
YOL124C,YOL124C,Unknown,12,UNKNOWN S0005484
YOL150C,YOL150C,Unknown,12,UNKNOWN S0005510
YOL153C,YOL153C,Unknown,12,UNKNOWN S0005513
YOR004W,YOR004W,Unknown,12,UNKNOWN S0005530
YOR021C,YOR021C,Unknown,12,UNKNOWN S0005547
YOR052C,YOR052C,Unknown,12,UNKNOWN S0005578
YOR145C,YOR145C,Unknown,12,UNKNOWN S0005671
YOR146W,YOR146W,Unknown,12,UNKNOWN S0005672
YOR152C,YOR152C,Unknown,12,UNKNOWN S0005678
YOR161C,YOR161C,Unknown,12,UNKNOWN S0005687
YOR169C,YOR169C,Unknown,12,UNKNOWN S0005695
YOR173W,YOR173W,Unknown,12,UNKNOWN S0005699
YOR206W,YOR206W,Unknown,12,UNKNOWN S0005732
YOR220W,YOR220W,Unknown,12,UNKNOWN S0005746
YOR243C,YOR243C,Unknown,12,UNKNOWN S0005769
YOR252W,YOR252W,Unknown,12,UNKNOWN S0005778
YOR253W,YOR253W,Unknown,12,UNKNOWN S0005779
YOR271C,YOR271C,Unknown,12,UNKNOWN; SIMILAR TO RAT TRICARBOXYLATE CS0005797
YOR277C,YOR277C,Unknown,12,UNKNOWN S0005803
YOR285W,YOR285W,Unknown,12,UNKNOWN; SIMILAR TO DROSOPHILA MELANOGASS0005811
YOR287C,YOR287C,Unknown,12,UNKNOWN; SIMILAR TO PITSLRE PROTEIN KINAS0005813
YOR289W,YOR289W,Unknown,12,UNKNOWN S0005815
YOR309C,YOR309C,Unknown,12,UNKNOWN S0005836
YPL004C,YPL004C,Unknown,12,UNKNOWN; SIMILAR TO TROPOMYOSIN S0005925
YPL044C,YPL044C,Unknown,12,UNKNOWN S0005965
YPL087W,YPL087W,Unknown,12,UNKNOWN; SIMILAR TO YBR183P S0006008
YPL142C,YPL142C,Unknown,12,UNKNOWN S0006063
YPL146C,YPL146C,Unknown,12,UNKNOWN S0006067
YPL165C,YPL165C,Unknown,12,UNKNOWN S0006086
YPL166W,YPL166W,Unknown,12,UNKNOWN S0006087
YPL183C,YPL183C,Unknown,12,UNKNOWN S0006104
YPL186C,YPL186C,Unknown,12,UNKNOWN S0006107
YPL196W,YPL196W,Unknown,12,UNKNOWN S0006117
YPL207W,YPL207W,Unknown,12,UNKNOWN S0006128
YPL217C,YPL217C,Unknown,12,UNKNOWN S0006138
YPL226W,YPL226W,Unknown,12,UNKNOWN; SIMILAR TO MEMBERS OF THE ATP-BS0006147
YPL235W,YPL235W,Unknown,12,UNKNOWN S0006156
YPL238C,YPL238C,Unknown,12,UNKNOWN S0006159
YPL245W,YPL245W,Unknown,12,UNKNOWN S0006166
YPL273W,YPL273W,Unknown,12,UNKNOWN S0006194
YPR044C,YPR044C,Unknown,12,UNKNOWN S0006248
YPR098C,YPR098C,Unknown,12,UNKNOWN S0006302
YDR368W,YPR1,Unknown,12,UNKNOWN UNKNOWN; SIMILAR TO ALDO-KETO REDUCTASESS0002776
YPR112C,YPR112C,Unknown,12,"UNKNOWN; SIMILAR TO PAB1P, PUB1P, NSR1P,S0006316"
YPR118W,YPR118W,Unknown,12,UNKNOWN S0006322
YPR136C,YPR136C,Unknown,12,UNKNOWN S0006340
YPR137W,YPR137W,Unknown,12,UNKNOWN S0006341
YPR142C,YPR142C,Unknown,12,UNKNOWN S0006346
YPR143W,YPR143W,Unknown,12,UNKNOWN S0006347
YPR150W,YPR150W,Unknown,12,UNKNOWN S0006354
YPR151C,YPR151C,Unknown,12,UNKNOWN S0006355
YPR169W,YPR169W,Unknown,12,UNKNOWN S0006373
YPR184W,YPR184W,Unknown,12,UNKNOWN; SIMILAR TO GLYCOGEN DEBRANCHINGS0006388
YMR243C,ZRC1,Unknown,12,ZINC AND CADMIUM ION HOMEOSTASIS UNKNOWN S0004856
