Software Version,3.08.01,,,,,,,,,,,,,,,,,,,,,,,,,,,,,,,,,,,,,,,,,,,,,,,,,,,,,,,,,,,,,,,,,,,,,,,,,,,,,,,,,,,,,,,,,,,,,,,,,
,,,,,,,,,,,,,,,,,,,,,,,,,,,,,,,,,,,,,,,,,,,,,,,,,,,,,,,,,,,,,,,,,,,,,,,,,,,,,,,,,,,,,,,,,,,,,,,,,,
Experiment File Path:,H:\11.18.22 growth all.xpt,,,,,,,,,,,,,,,,,,,,,,,,,,,,,,,,,,,,,,,,,,,,,,,,,,,,,,,,,,,,,,,,,,,,,,,,,,,,,,,,,,,,,,,,,,,,,,,,,
Protocol File Path:,C:\Users\Public\Documents\Protocols\Growth Assay 16hr.prt,,,,,,,,,,,,,,,,,,,,,,,,,,,,,,,,,,,,,,,,,,,,,,,,,,,,,,,,,,,,,,,,,,,,,,,,,,,,,,,,,,,,,,,,,,,,,,,,,
Plate Number,Plate 1,,,,,,,,,,,,,,,,,,,,,,,,,,,,,,,,,,,,,,,,,,,,,,,,,,,,,,,,,,,,,,,,,,,,,,,,,,,,,,,,,,,,,,,,,,,,,,,,,
Date,11/18/22,,,,,,,,,,,,,,,,,,,,,,,,,,,,,,,,,,,,,,,,,,,,,,,,,,,,,,,,,,,,,,,,,,,,,,,,,,,,,,,,,,,,,,,,,,,,,,,,,
Time,5:02:06 PM,,,,,,,,,,,,,,,,,,,,,,,,,,,,,,,,,,,,,,,,,,,,,,,,,,,,,,,,,,,,,,,,,,,,,,,,,,,,,,,,,,,,,,,,,,,,,,,,,
Reader Type:,Cytation5,,,,,,,,,,,,,,,,,,,,,,,,,,,,,,,,,,,,,,,,,,,,,,,,,,,,,,,,,,,,,,,,,,,,,,,,,,,,,,,,,,,,,,,,,,,,,,,,,
Reader Serial Number:,19112517,,,,,,,,,,,,,,,,,,,,,,,,,,,,,,,,,,,,,,,,,,,,,,,,,,,,,,,,,,,,,,,,,,,,,,,,,,,,,,,,,,,,,,,,,,,,,,,,,
Reading Type,Reader,,,,,,,,,,,,,,,,,,,,,,,,,,,,,,,,,,,,,,,,,,,,,,,,,,,,,,,,,,,,,,,,,,,,,,,,,,,,,,,,,,,,,,,,,,,,,,,,,
,,,,,,,,,,,,,,,,,,,,,,,,,,,,,,,,,,,,,,,,,,,,,,,,,,,,,,,,,,,,,,,,,,,,,,,,,,,,,,,,,,,,,,,,,,,,,,,,,,
Procedure Details,,,,,,,,,,,,,,,,,,,,,,,,,,,,,,,,,,,,,,,,,,,,,,,,,,,,,,,,,,,,,,,,,,,,,,,,,,,,,,,,,,,,,,,,,,,,,,,,,,
Plate Type,96 WELL PLATE (Use plate lid),,,,,,,,,,,,,,,,,,,,,,,,,,,,,,,,,,,,,,,,,,,,,,,,,,,,,,,,,,,,,,,,,,,,,,,,,,,,,,,,,,,,,,,,,,,,,,,,,
Eject plate on completion,,,,,,,,,,,,,,,,,,,,,,,,,,,,,,,,,,,,,,,,,,,,,,,,,,,,,,,,,,,,,,,,,,,,,,,,,,,,,,,,,,,,,,,,,,,,,,,,,,
Set Temperature,"Setpoint 30¡C, Gradient 0 ¡C",,,,,,,,,,,,,,,,,,,,,,,,,,,,,1,2,3,4,,,,,,12,,,,,,,,,,,,,,,,,,,,,,,,,,,,,,,,,,,,,,,,,,,,,,,,,,,,,,,,,,,
,Preheat before moving to next step,,,,,,,,,,,,,,,,,,,,,,,,,,,,,,,,,,,,,,,,,,,,,,,,,,,,,,,,,,,,,,,,,,,,,,,,,,,,,,,,,,,,,,,,,,,,,,,,,
Read,Absorbance Endpoint,,,,,,,,,,,,,,,,,,,,,,,,,,,,,,,,,,,,,,,,,,,,,,,,,,,,,,,,,,,,,,,,,,,,,,,,,,,,,,,,,,,,,,,,,,,,,,,,,
,Full Plate,,,,,,,,,,,,,,,,,,,,,,,,,,,,,,,,,,,,,,,,,,,,,,,,,,,,,,,,,,,,,,,,,,,,,,,,,,,,,,,,,,,,,,,,,,,,,,,,,
,Wavelengths:  600,,,,,,,,,,,,,,,,,,,,,,,,,,,,,,,,,,,,,,,,,,,,,,,,,,,,,,,,,,,,,,,,,,,,,,,,,,,,,,,,,,,,,,,,,,,,,,,,,
,"Read Speed: Normal,  Delay: 100 msec,  Measurements/Data Point: 8",,,,,,,,,,,,,,,,,,,,,,,,,,,,A,,,,,,,,,,,,,,,,,,,,,,,,,,,,,,,,,,,,,,,,,,,,,,,,,,,,,,,,,,,,,,,,,,,,,
Start Kinetic,"Runtime 18:00:00 (HH:MM:SS), Interval 0:15:00, 73 Reads",,,,,,,,,,,,,,,,,,,,,,,,,,,,,,,,,,,,,,,,,,,,,,,,,,,,,,,,,,,,,,,,,,,,,,,,,,,,,,,,,,,,,,,,,,,,,,,,,
    Shake,Orbital: Continuous,,,,,,,,,,,,,,,,,,,,,,,,,,,,b,,,,,,,,,,,,,,,,,,,,,,,,,,,,,,,,,,,,,,,,,,,,,,,,,,,,,,,,,,,,,,,,,,,,,
,Frequency: 282 cpm (3 mm),,,,,,,,,,,,,,,,,,,,,,,,,,,,,,,,,,,,,,,,,,,,,,,,,,,,,,,,,,,,,,,,,,,,,,,,,,,,,,,,,,,,,,,,,,,,,,,,,
    Read,Absorbance Endpoint,,,,,,,,,,,,,,,,,,,,,,,,,,,,,,,,,,,,,,,,,,,,,,,,,,,,,,,,,,,,,,,,,,,,,,,,,,,,,,,,,,,,,,,,,,,,,,,,,
,Full Plate,,,,,,,,,,,,,,,,,,,,,,,,,,,,c,,,,,,,,,,,,,,,,,,,,,,,,,,,,,,,,,,,,,,,,,,,,,,,,,,,,,,,,,,,,,,,,,,,,,
,Wavelengths:  600,,,,,,,,,,,,,,,,,,,,,,,,,,,,,,,,,,,,,,,,,,,,,,,,,,,,,,,,,,,,,,,,,,,,,,,,,,,,,,,,,,,,,,,,,,,,,,,,,
,"Read Speed: Normal,  Delay: 100 msec,  Measurements/Data Point: 8",,,,,,,,,,,,,,,,,,,,,,,,,,,,,,,,,,,,,,,,,,,,,,,,,,,,,,,,,,,,,,,,,,,,,,,,,,,,,,,,,,,,,,,,,,,,,,,,,
End Kinetic,,,,,,,,,,,,,,,,,,,,,,,,,,,,,d,,,,,,,,,,,,,,,,,,,,,,,,,,,,,,,,,,,,,,,,,,,,,,,,,,,,,,,,,,,,,,,,,,,,,
,,,,,,,,,,,,,,,,,,,,,,,,,,,,,,,,,,,,,,,,,,,,,,,,,,,,,,,,,,,,,,,,,,,,,,,,,,,,,,,,,,,,,,,,,,,,,,,,,,
Results,,,,,,,,,,,,,,,,,,,,,,,,,,,,,e,,,,,,,,,,,,,,,,,,,,,,,,,,,,,,,,,,,,,,,,,,,,,,,,,,,,,,,,,,,,,,,,,,,,,
Actual Temperature:,30,,,,,,,,,,,,,,,,,,,,,,,,,,,,,,,,,,,,,,,,,,,,,,,,,,,,,,,,,,,,,,,,,,,,,,,,,,,,,,,,,,,,,,,,,,,,,,,,,
,,,,,,,,,,,,,,,,,,,,,,,,,,,,,f,,,,,,,,,,,,,,,,,,,,,,,,,,,,,,,,,,,,,,,,,,,,,,,,,,,,,,,,,,,,,,,,,,,,,
,,1,2,3,4,5,6,7,8,9,10,11,12,,,,,,,,,,,,,,,,,,,,,,,,,,,,,,,,,,,,,,,,,,,,,,,,,,,,,,,,,,,,,,,,,,,,,,,,,,,,,,,,,,,,,
,A,0.096,0.09,0.099,0.102,0.1,0.104,0.12,0.106,0.095,0.087,0.08,0.08,Read 1:600,,,,,,,,,,,,,,,,,,,,,,,,,,,,,,,,,,,,,,,,,,,,,,,,,,,,,,,,,,,,,,,,,,,,,,,,,,,,,,,,,,,,
,B,0.093,0.162,0.193,0.238,0.2,0.27,0.278,0.184,0.189,0.09,0.09,0.11,Read 1:600,,,,,,,,,,,,,,,g,,,,,,,,,,,,,,,,,,,,,,,,,,,,,,,,,,,,,,,,,,,,,,,,,,,,,,,,,,,,,,,,,,,,,
,C,0.091,0.174,0.188,0.227,0.228,0.305,0.301,0.171,0.184,0.091,0.09,0.111,Read 1:600,,,,,,,,,,,,,,,,,,,,,,,,,,,,,,,,,,,,,,,,,,,,,,,,,,,,,,,,,,,,,,,,,,,,,,,,,,,,,,,,,,,,
,D,0.083,0.184,0.197,0.213,0.218,0.282,0.284,0.181,0.196,0.09,0.09,0.081,Read 1:600,,,,,,,,,,,,,,,h,,,,,,,,,,,,,,,,,,,,,,,,,,,,,,,,,,,,,,,,,,,,,,,,,,,,,,,,,,,,,,,,,,,,,
,E,0.081,0.158,0.194,0.219,0.228,0.293,0.31,0.199,0.194,0.09,0.09,0.081,Read 1:600,,,,,,,,,,,,,,,,,,,,,,,,,,,,,,,,,,,,,,,,,,,,,,,,,,,,,,,,,,,,,,,,,,,,,,,,,,,,,,,,,,,,
,F,0.08,0.179,0.206,0.22,0.242,0.312,0.322,0.216,0.193,0.09,0.091,0.081,Read 1:600,,,,,,,,,,,,,,,,,,,,,,,,,,,,,,,,,,,,,,,,,,,,,,,,,,,,,,,,,,,,,,,,,,,,,,,,,,,,,,,,,,,,
,G,0.081,0.157,0.189,0.225,0.281,0.302,0.321,0.238,0.209,0.09,0.089,0.091,Read 1:600,,,,,,,,,,,,,,,,,,,,,,,,,,,,,,,,,,,,,,,,,,,,,,,,,,,,,,,,,,,,,,,,,,,,,,,,,,,,,,,,,,,,
,H,0.081,0.081,0.129,0.091,0.107,0.14,0.124,0.122,0.162,0.088,0.083,0.081,Read 1:600,,,,,,,,,,,,,,,,,,,,,,,,,,,,,,,,,,,,,,,,,,,,,,,,,,,,,,,,,,,,,,,,,,,,,,,,,,,,,,,,,,,,
,,,,,,,,,,,,,,,,,,,,,,,,,,,,,,,,,,,,,,,,,,,,,,,,,,,,,,,,,,,,,,,,,,,,,,,,,,,,,,,,,,,,,,,,,,,,,,,,,,
Read 2:600,,,,,,,,,,,,,,,,,,,,,,,,,,,,,,,,,,,,,,,,,,,,,,,,,,,,,,,,,,,,,,,,,,,,,,,,,,,,,,,,,,,,,,,,,,,,,,,,,,
,,,,,,,,,,,,,,,,Cg 7,Cg 7,Kl7,Kl 7,SC 7,Sc 7,Ca 7,Ca 7,,,,,Cg 2,Cg 2,Kl2,Kl 2,SC 2,Sc 2,Ca 2,Ca 2,,,,,Cg 0.5,Cg 0.5,Kl0.5,Kl 0.5,SC 0.5,Sc 0.5,Ca 0.5,Ca 0.5,,,,,Cg 0.2,Cg 0.2,Kl0.2,Kl 0.2,SC 0.2,Sc 0.2,Ca 0.2,Ca 0.2,,,,,Cg 0.06,Cg 0.06,Kl0.06,Kl 0.06,SC 0.06,Sc 0.06,Ca 0.06,Ca 0.06,,,,,Cg 0,Cg 0,Kl0,Kl 0,SC 0,Sc 0,Ca 0,Ca 0,,,,,,,,,,,,,,,
,Time,T¡ Read 2:600,A1,A2,A3,A4,A5,A6,A7,A8,A9,A10,A11,A12,B1,B2,B3,B4,B5,B6,B7,B8,B9,B10,B11,B12,C1,C2,C3,C4,C5,C6,C7,C8,C9,C10,C11,C12,D1,D2,D3,D4,D5,D6,D7,D8,D9,D10,D11,D12,E1,E2,E3,E4,E5,E6,E7,E8,E9,E10,E11,E12,F1,F2,F3,F4,F5,F6,F7,F8,F9,F10,F11,F12,G1,G2,G3,G4,G5,G6,G7,G8,G9,G10,G11,G12,H1,H2,H3,H4,H5,H6,H7,H8,H9,H10,H11,H12
,0:14:10,30.1,0.08,0.082,0.081,0.081,0.081,0.081,0.08,0.082,0.081,0.082,0.08,0.08,0.083,0.143,0.16,0.191,0.183,0.252,0.261,0.162,0.158,0.09,0.09,0.081,0.081,0.151,0.149,0.203,0.207,0.284,0.289,0.166,0.166,0.091,0.09,0.08,0.081,0.156,0.143,0.2,0.2,0.275,0.294,0.161,0.169,0.09,0.09,0.081,0.081,0.134,0.146,0.194,0.206,0.279,0.289,0.169,0.155,0.09,0.09,0.081,0.081,0.16,0.16,0.188,0.188,0.293,0.283,0.174,0.147,0.09,0.091,0.08,0.081,0.127,0.167,0.186,0.218,0.279,0.284,0.189,0.178,0.09,0.089,0.092,0.082,0.081,0.085,0.082,0.081,0.082,0.081,0.082,0.082,0.089,0.082,0.081
,0:29:10,30.1,0.08,0.082,0.081,0.081,0.081,0.081,0.081,0.082,0.081,0.082,0.08,0.08,0.082,0.148,0.173,0.207,0.199,0.285,0.277,0.171,0.167,0.09,0.09,0.081,0.081,0.163,0.16,0.216,0.215,0.295,0.289,0.179,0.172,0.091,0.09,0.08,0.081,0.169,0.15,0.21,0.217,0.283,0.313,0.17,0.173,0.09,0.089,0.081,0.081,0.148,0.153,0.207,0.219,0.309,0.298,0.166,0.161,0.09,0.09,0.081,0.082,0.172,0.175,0.2,0.195,0.315,0.297,0.184,0.157,0.09,0.091,0.081,0.081,0.135,0.177,0.205,0.238,0.303,0.303,0.189,0.174,0.09,0.089,0.092,0.082,0.081,0.085,0.082,0.081,0.082,0.081,0.082,0.082,0.089,0.082,0.081
,0:44:10,30,0.081,0.082,0.082,0.082,0.081,0.081,0.081,0.082,0.081,0.082,0.08,0.08,0.082,0.156,0.188,0.219,0.21,0.283,0.294,0.183,0.182,0.09,0.09,0.081,0.082,0.178,0.169,0.226,0.226,0.31,0.307,0.19,0.186,0.091,0.09,0.081,0.081,0.179,0.157,0.223,0.226,0.297,0.304,0.182,0.188,0.09,0.089,0.081,0.081,0.156,0.162,0.221,0.228,0.311,0.307,0.178,0.172,0.091,0.09,0.081,0.082,0.184,0.187,0.215,0.202,0.324,0.315,0.193,0.164,0.09,0.091,0.081,0.081,0.141,0.186,0.206,0.242,0.31,0.315,0.201,0.19,0.09,0.089,0.092,0.082,0.081,0.085,0.082,0.081,0.082,0.081,0.082,0.082,0.089,0.082,0.081
,0:59:10,30,0.081,0.082,0.082,0.082,0.081,0.081,0.081,0.082,0.081,0.082,0.08,0.08,0.082,0.169,0.205,0.239,0.227,0.313,0.311,0.197,0.198,0.09,0.09,0.081,0.082,0.187,0.18,0.246,0.246,0.333,0.336,0.202,0.203,0.091,0.09,0.08,0.081,0.189,0.168,0.24,0.247,0.328,0.338,0.195,0.205,0.09,0.089,0.081,0.081,0.167,0.174,0.236,0.253,0.328,0.341,0.196,0.186,0.09,0.09,0.081,0.081,0.196,0.202,0.236,0.223,0.34,0.329,0.209,0.181,0.09,0.091,0.08,0.081,0.151,0.2,0.236,0.267,0.33,0.333,0.218,0.206,0.09,0.089,0.092,0.083,0.081,0.085,0.083,0.082,0.082,0.081,0.082,0.082,0.09,0.082,0.081
,1:14:10,30,0.081,0.082,0.082,0.082,0.081,0.081,0.081,0.082,0.081,0.082,0.08,0.08,0.082,0.186,0.225,0.255,0.248,0.322,0.33,0.214,0.21,0.09,0.09,0.081,0.082,0.206,0.202,0.269,0.263,0.365,0.358,0.217,0.216,0.091,0.09,0.081,0.081,0.21,0.184,0.264,0.264,0.342,0.358,0.21,0.217,0.09,0.089,0.082,0.081,0.181,0.191,0.261,0.27,0.352,0.36,0.21,0.197,0.09,0.09,0.081,0.081,0.221,0.222,0.258,0.243,0.368,0.354,0.226,0.192,0.09,0.091,0.081,0.081,0.158,0.215,0.241,0.283,0.348,0.35,0.238,0.22,0.09,0.089,0.092,0.082,0.081,0.085,0.083,0.081,0.082,0.081,0.082,0.082,0.089,0.082,0.081
,1:29:10,30.1,0.081,0.082,0.082,0.082,0.081,0.081,0.081,0.082,0.081,0.083,0.081,0.08,0.083,0.202,0.247,0.277,0.262,0.352,0.36,0.229,0.229,0.09,0.09,0.082,0.082,0.228,0.223,0.283,0.286,0.383,0.387,0.238,0.232,0.091,0.09,0.081,0.081,0.227,0.2,0.278,0.281,0.369,0.382,0.225,0.234,0.09,0.089,0.081,0.081,0.198,0.205,0.279,0.29,0.383,0.387,0.224,0.211,0.09,0.09,0.081,0.082,0.239,0.242,0.27,0.256,0.396,0.379,0.242,0.209,0.09,0.091,0.081,0.081,0.17,0.227,0.263,0.312,0.378,0.38,0.257,0.239,0.09,0.089,0.092,0.083,0.081,0.085,0.082,0.082,0.082,0.081,0.082,0.082,0.089,0.082,0.082
,1:44:10,30.1,0.081,0.082,0.082,0.082,0.081,0.081,0.081,0.083,0.081,0.082,0.081,0.08,0.083,0.224,0.278,0.293,0.279,0.383,0.399,0.248,0.244,0.09,0.09,0.081,0.082,0.254,0.245,0.307,0.305,0.413,0.419,0.258,0.252,0.091,0.09,0.081,0.081,0.254,0.217,0.302,0.293,0.397,0.415,0.244,0.253,0.09,0.09,0.081,0.081,0.219,0.224,0.299,0.314,0.417,0.424,0.245,0.232,0.09,0.09,0.081,0.082,0.262,0.27,0.295,0.28,0.43,0.419,0.262,0.225,0.09,0.091,0.081,0.081,0.176,0.243,0.29,0.337,0.407,0.411,0.278,0.259,0.09,0.089,0.092,0.084,0.081,0.085,0.082,0.081,0.083,0.081,0.082,0.082,0.089,0.082,0.081
,1:59:10,30,0.081,0.082,0.082,0.082,0.081,0.081,0.081,0.082,0.081,0.083,0.081,0.08,0.083,0.25,0.311,0.32,0.303,0.416,0.433,0.269,0.268,0.09,0.09,0.081,0.082,0.283,0.274,0.327,0.326,0.445,0.452,0.278,0.274,0.091,0.09,0.081,0.081,0.282,0.238,0.321,0.326,0.433,0.45,0.262,0.277,0.09,0.089,0.081,0.081,0.242,0.248,0.317,0.337,0.449,0.455,0.266,0.254,0.09,0.09,0.081,0.082,0.285,0.287,0.31,0.294,0.462,0.451,0.284,0.249,0.09,0.091,0.081,0.081,0.185,0.251,0.316,0.363,0.436,0.439,0.3,0.279,0.09,0.089,0.092,0.083,0.081,0.085,0.082,0.081,0.082,0.081,0.082,0.082,0.09,0.082,0.081
,2:14:10,30.1,0.081,0.082,0.082,0.082,0.081,0.081,0.081,0.082,0.081,0.083,0.081,0.08,0.083,0.281,0.351,0.351,0.336,0.45,0.465,0.297,0.293,0.09,0.09,0.082,0.082,0.316,0.303,0.359,0.356,0.485,0.493,0.301,0.302,0.091,0.09,0.081,0.081,0.314,0.264,0.354,0.356,0.466,0.487,0.287,0.307,0.09,0.089,0.081,0.081,0.269,0.279,0.344,0.369,0.483,0.493,0.289,0.275,0.09,0.09,0.081,0.082,0.311,0.317,0.336,0.318,0.496,0.487,0.314,0.274,0.09,0.091,0.081,0.081,0.194,0.262,0.334,0.389,0.472,0.473,0.318,0.302,0.09,0.089,0.092,0.082,0.082,0.085,0.083,0.081,0.082,0.081,0.083,0.082,0.089,0.082,0.082
,2:29:10,30,0.081,0.082,0.082,0.082,0.081,0.082,0.081,0.082,0.082,0.083,0.081,0.08,0.083,0.315,0.392,0.381,0.364,0.489,0.501,0.321,0.321,0.09,0.09,0.081,0.082,0.353,0.34,0.389,0.389,0.525,0.525,0.33,0.328,0.091,0.09,0.081,0.081,0.353,0.293,0.384,0.386,0.504,0.521,0.315,0.335,0.09,0.089,0.082,0.081,0.298,0.307,0.376,0.398,0.524,0.53,0.319,0.302,0.09,0.09,0.081,0.082,0.338,0.34,0.367,0.347,0.536,0.525,0.344,0.298,0.09,0.091,0.081,0.081,0.201,0.272,0.36,0.415,0.512,0.513,0.349,0.326,0.09,0.089,0.092,0.083,0.081,0.085,0.082,0.081,0.083,0.081,0.082,0.082,0.09,0.083,0.082
,2:44:10,30,0.081,0.082,0.082,0.082,0.081,0.081,0.081,0.082,0.082,0.083,0.081,0.08,0.083,0.35,0.44,0.415,0.396,0.532,0.55,0.356,0.352,0.09,0.09,0.081,0.082,0.395,0.381,0.42,0.418,0.569,0.568,0.364,0.359,0.091,0.09,0.081,0.081,0.396,0.326,0.415,0.418,0.546,0.567,0.349,0.369,0.09,0.089,0.082,0.081,0.335,0.345,0.406,0.43,0.558,0.568,0.35,0.328,0.09,0.09,0.081,0.082,0.362,0.369,0.393,0.375,0.576,0.564,0.381,0.327,0.09,0.091,0.081,0.081,0.206,0.278,0.383,0.445,0.551,0.556,0.365,0.35,0.089,0.089,0.092,0.084,0.082,0.085,0.082,0.082,0.082,0.081,0.082,0.083,0.09,0.082,0.082
,2:59:10,30,0.081,0.083,0.082,0.082,0.081,0.082,0.081,0.082,0.082,0.083,0.081,0.08,0.083,0.396,0.497,0.444,0.425,0.576,0.595,0.388,0.382,0.09,0.09,0.082,0.083,0.443,0.43,0.452,0.45,0.611,0.61,0.397,0.393,0.091,0.09,0.081,0.081,0.443,0.365,0.446,0.448,0.586,0.603,0.38,0.4,0.09,0.089,0.081,0.081,0.373,0.386,0.435,0.465,0.604,0.61,0.38,0.354,0.09,0.09,0.081,0.082,0.39,0.398,0.421,0.404,0.626,0.612,0.414,0.357,0.09,0.091,0.081,0.081,0.214,0.287,0.409,0.473,0.596,0.601,0.397,0.368,0.09,0.089,0.093,0.083,0.081,0.085,0.082,0.081,0.083,0.081,0.082,0.082,0.09,0.083,0.082
,3:14:10,30.1,0.081,0.082,0.082,0.082,0.081,0.082,0.081,0.082,0.082,0.083,0.081,0.08,0.083,0.444,0.555,0.476,0.459,0.624,0.641,0.423,0.419,0.09,0.09,0.082,0.082,0.497,0.482,0.485,0.485,0.655,0.658,0.434,0.431,0.091,0.09,0.081,0.081,0.5,0.407,0.478,0.481,0.628,0.649,0.413,0.433,0.09,0.089,0.081,0.081,0.415,0.427,0.465,0.498,0.648,0.656,0.408,0.39,0.09,0.09,0.081,0.082,0.416,0.424,0.453,0.432,0.67,0.656,0.451,0.385,0.09,0.091,0.081,0.082,0.217,0.295,0.43,0.498,0.643,0.648,0.42,0.399,0.09,0.089,0.092,0.083,0.081,0.085,0.082,0.081,0.083,0.081,0.083,0.083,0.089,0.082,0.081
,3:29:10,30.1,0.081,0.083,0.082,0.083,0.081,0.082,0.081,0.082,0.082,0.083,0.081,0.08,0.083,0.496,0.623,0.518,0.498,0.67,0.686,0.461,0.455,0.09,0.09,0.082,0.082,0.559,0.539,0.52,0.521,0.707,0.706,0.476,0.472,0.091,0.09,0.081,0.081,0.558,0.459,0.514,0.522,0.672,0.697,0.449,0.468,0.09,0.089,0.081,0.081,0.458,0.473,0.498,0.534,0.693,0.705,0.44,0.418,0.09,0.09,0.081,0.082,0.443,0.447,0.483,0.461,0.721,0.709,0.486,0.422,0.09,0.091,0.081,0.082,0.224,0.304,0.449,0.521,0.694,0.698,0.446,0.422,0.09,0.089,0.093,0.084,0.081,0.085,0.082,0.081,0.083,0.081,0.083,0.083,0.09,0.083,0.081
,3:44:10,30,0.081,0.083,0.082,0.082,0.081,0.082,0.081,0.082,0.082,0.083,0.081,0.08,0.083,0.561,0.695,0.55,0.529,0.723,0.741,0.503,0.485,0.09,0.09,0.082,0.083,0.627,0.606,0.559,0.562,0.755,0.755,0.518,0.513,0.091,0.09,0.081,0.082,0.623,0.515,0.555,0.56,0.722,0.749,0.481,0.509,0.09,0.089,0.082,0.081,0.505,0.523,0.536,0.565,0.743,0.753,0.487,0.44,0.09,0.09,0.081,0.081,0.464,0.47,0.514,0.49,0.771,0.758,0.525,0.453,0.09,0.091,0.081,0.082,0.23,0.312,0.472,0.546,0.742,0.748,0.476,0.448,0.09,0.089,0.092,0.083,0.081,0.085,0.083,0.081,0.083,0.081,0.083,0.083,0.09,0.082,0.081
,3:59:10,30,0.081,0.083,0.082,0.083,0.081,0.082,0.081,0.082,0.082,0.083,0.081,0.08,0.083,0.63,0.767,0.592,0.563,0.774,0.795,0.545,0.537,0.09,0.09,0.082,0.083,0.696,0.675,0.589,0.595,0.8,0.805,0.56,0.561,0.091,0.09,0.081,0.081,0.694,0.574,0.592,0.588,0.77,0.795,0.536,0.566,0.09,0.089,0.082,0.081,0.561,0.577,0.569,0.609,0.791,0.802,0.531,0.498,0.09,0.09,0.081,0.081,0.487,0.488,0.541,0.516,0.826,0.809,0.565,0.501,0.09,0.091,0.081,0.082,0.235,0.318,0.49,0.567,0.794,0.797,0.496,0.472,0.09,0.089,0.092,0.084,0.082,0.085,0.082,0.081,0.083,0.081,0.083,0.083,0.09,0.083,0.081
,4:14:10,30.1,0.082,0.083,0.082,0.083,0.082,0.082,0.081,0.083,0.082,0.083,0.081,0.08,0.083,0.696,0.843,0.634,0.608,0.826,0.848,0.592,0.584,0.09,0.09,0.082,0.082,0.77,0.75,0.64,0.639,0.852,0.86,0.611,0.607,0.091,0.09,0.081,0.081,0.772,0.642,0.63,0.636,0.82,0.85,0.579,0.604,0.09,0.089,0.082,0.081,0.613,0.635,0.606,0.656,0.845,0.859,0.58,0.532,0.09,0.09,0.081,0.081,0.507,0.508,0.576,0.546,0.877,0.861,0.603,0.523,0.09,0.091,0.081,0.082,0.239,0.325,0.51,0.591,0.846,0.85,0.521,0.498,0.09,0.089,0.092,0.083,0.082,0.086,0.082,0.082,0.083,0.081,0.083,0.083,0.09,0.083,0.081
,4:29:10,30.1,0.082,0.083,0.082,0.083,0.082,0.082,0.081,0.083,0.082,0.083,0.081,0.08,0.083,0.768,0.918,0.668,0.649,0.883,0.904,0.636,0.626,0.09,0.09,0.082,0.082,0.85,0.827,0.674,0.675,0.905,0.913,0.662,0.66,0.091,0.09,0.081,0.082,0.847,0.711,0.669,0.675,0.87,0.897,0.63,0.664,0.09,0.089,0.082,0.082,0.667,0.69,0.646,0.69,0.899,0.911,0.629,0.594,0.09,0.09,0.082,0.082,0.524,0.522,0.598,0.567,0.928,0.914,0.642,0.571,0.09,0.091,0.081,0.082,0.245,0.332,0.526,0.614,0.893,0.899,0.558,0.523,0.09,0.089,0.092,0.083,0.081,0.086,0.083,0.081,0.083,0.082,0.083,0.083,0.09,0.082,0.081
,4:44:10,30,0.082,0.083,0.082,0.083,0.082,0.082,0.081,0.082,0.082,0.083,0.081,0.08,0.083,0.843,1,0.723,0.687,0.938,0.957,0.688,0.676,0.09,0.09,0.082,0.082,0.931,0.905,0.711,0.718,0.96,0.963,0.709,0.708,0.091,0.09,0.081,0.082,0.927,0.787,0.715,0.717,0.922,0.955,0.68,0.716,0.09,0.089,0.082,0.081,0.711,0.733,0.689,0.735,0.951,0.966,0.678,0.647,0.09,0.09,0.081,0.082,0.541,0.537,0.62,0.595,0.974,0.957,0.682,0.603,0.09,0.091,0.081,0.082,0.248,0.344,0.547,0.626,0.935,0.944,0.582,0.546,0.09,0.089,0.092,0.084,0.082,0.086,0.083,0.081,0.083,0.082,0.083,0.083,0.09,0.082,0.081
,4:59:10,30.1,0.082,0.083,0.082,0.083,0.082,0.082,0.081,0.083,0.082,0.083,0.081,0.08,0.084,0.925,1.08,0.77,0.744,0.99,1.02,0.74,0.728,0.09,0.09,0.082,0.082,1.006,0.985,0.759,0.763,1.012,1.017,0.762,0.757,0.091,0.09,0.081,0.081,1.003,0.865,0.763,0.762,0.976,1.005,0.73,0.759,0.09,0.089,0.082,0.082,0.75,0.769,0.73,0.779,1.01,1.023,0.724,0.689,0.09,0.09,0.081,0.082,0.564,0.55,0.65,0.623,1.015,0.998,0.712,0.624,0.09,0.091,0.081,0.082,0.254,0.349,0.566,0.648,0.977,0.988,0.605,0.568,0.09,0.089,0.093,0.083,0.082,0.086,0.083,0.081,0.083,0.082,0.083,0.083,0.09,0.083,0.081
,5:14:10,30.1,0.081,0.083,0.083,0.083,0.082,0.082,0.081,0.083,0.083,0.083,0.081,0.08,0.084,1.009,1.159,0.819,0.792,1.049,1.071,0.796,0.783,0.09,0.09,0.082,0.082,1.08,1.06,0.805,0.81,1.062,1.071,0.813,0.815,0.091,0.09,0.081,0.082,1.078,0.945,0.809,0.807,1.028,1.058,0.782,0.823,0.09,0.089,0.082,0.081,0.786,0.802,0.773,0.823,1.059,1.078,0.771,0.742,0.09,0.09,0.082,0.081,0.569,0.563,0.673,0.647,1.058,1.04,0.747,0.661,0.09,0.091,0.081,0.082,0.259,0.355,0.584,0.67,1.017,1.028,0.628,0.595,0.09,0.089,0.092,0.084,0.082,0.086,0.083,0.081,0.083,0.082,0.083,0.083,0.09,0.083,0.081
,5:29:10,30.1,0.081,0.083,0.083,0.083,0.082,0.082,0.081,0.083,0.083,0.083,0.081,0.08,0.084,1.09,1.231,0.869,0.849,1.1,1.124,0.846,0.837,0.09,0.09,0.082,0.083,1.154,1.133,0.851,0.857,1.114,1.123,0.866,0.871,0.091,0.09,0.081,0.082,1.148,1.023,0.857,0.852,1.078,1.111,0.835,0.868,0.09,0.089,0.082,0.081,0.814,0.832,0.811,0.86,1.112,1.13,0.821,0.79,0.09,0.09,0.082,0.082,0.594,0.578,0.697,0.672,1.096,1.077,0.783,0.692,0.09,0.091,0.081,0.082,0.266,0.361,0.6,0.689,1.05,1.063,0.653,0.618,0.09,0.089,0.092,0.085,0.082,0.086,0.083,0.082,0.083,0.082,0.083,0.083,0.089,0.083,0.081
,5:44:10,30,0.081,0.083,0.083,0.083,0.082,0.082,0.082,0.083,0.083,0.083,0.081,0.08,0.084,1.167,1.297,0.921,0.898,1.156,1.176,0.899,0.886,0.09,0.09,0.082,0.083,1.217,1.195,0.896,0.906,1.167,1.175,0.918,0.921,0.091,0.09,0.081,0.082,1.212,1.099,0.902,0.896,1.129,1.163,0.886,0.921,0.09,0.089,0.082,0.081,0.838,0.858,0.853,0.9,1.16,1.179,0.866,0.84,0.09,0.09,0.082,0.081,0.6,0.586,0.721,0.698,1.127,1.111,0.812,0.721,0.09,0.091,0.081,0.082,0.268,0.367,0.621,0.71,1.084,1.096,0.675,0.64,0.09,0.089,0.092,0.084,0.082,0.086,0.083,0.081,0.083,0.082,0.084,0.083,0.09,0.083,0.081
,5:59:10,30,0.081,0.083,0.083,0.083,0.082,0.082,0.081,0.083,0.082,0.083,0.081,0.08,0.084,1.24,1.356,0.969,0.945,1.207,1.23,0.953,0.942,0.09,0.09,0.082,0.083,1.273,1.257,0.94,0.951,1.216,1.222,0.971,0.972,0.091,0.09,0.081,0.082,1.27,1.17,0.946,0.943,1.181,1.214,0.936,0.976,0.09,0.089,0.082,0.081,0.863,0.879,0.89,0.936,1.208,1.226,0.914,0.886,0.09,0.09,0.082,0.082,0.611,0.595,0.742,0.718,1.157,1.144,0.846,0.753,0.09,0.091,0.081,0.082,0.271,0.374,0.639,0.729,1.114,1.125,0.699,0.663,0.09,0.089,0.092,0.084,0.082,0.086,0.083,0.081,0.083,0.082,0.083,0.083,0.09,0.083,0.081
,6:14:10,30.1,0.081,0.083,0.083,0.083,0.082,0.082,0.081,0.083,0.082,0.083,0.081,0.08,0.084,1.303,1.411,1.02,0.998,1.258,1.277,1.007,0.995,0.09,0.09,0.082,0.083,1.326,1.306,0.987,0.997,1.268,1.276,1.017,1.025,0.091,0.09,0.081,0.082,1.32,1.232,0.99,0.984,1.232,1.264,0.985,1.024,0.09,0.089,0.082,0.081,0.884,0.9,0.926,0.97,1.253,1.269,0.963,0.932,0.09,0.09,0.082,0.082,0.631,0.607,0.764,0.74,1.189,1.172,0.876,0.784,0.09,0.091,0.081,0.082,0.275,0.379,0.655,0.747,1.143,1.153,0.72,0.683,0.09,0.089,0.092,0.083,0.082,0.086,0.083,0.082,0.083,0.082,0.083,0.083,0.09,0.083,0.081
,6:29:10,30,0.081,0.083,0.083,0.083,0.082,0.082,0.082,0.083,0.082,0.082,0.081,0.08,0.084,1.358,1.459,1.066,1.045,1.305,1.329,1.058,1.046,0.09,0.09,0.082,0.083,1.37,1.354,1.032,1.039,1.315,1.325,1.068,1.076,0.091,0.09,0.081,0.082,1.363,1.285,1.036,1.03,1.281,1.31,1.031,1.069,0.09,0.089,0.082,0.082,0.903,0.92,0.962,1.002,1.295,1.312,1.003,0.976,0.09,0.09,0.082,0.082,0.635,0.616,0.788,0.763,1.214,1.203,0.904,0.814,0.09,0.091,0.081,0.082,0.279,0.385,0.673,0.767,1.171,1.181,0.743,0.703,0.09,0.089,0.092,0.082,0.082,0.086,0.083,0.081,0.083,0.082,0.084,0.083,0.09,0.083,0.081
,6:44:10,30.1,0.081,0.083,0.082,0.083,0.082,0.082,0.082,0.082,0.083,0.083,0.081,0.08,0.084,1.411,1.504,1.105,1.088,1.351,1.375,1.107,1.096,0.09,0.09,0.082,0.083,1.413,1.393,1.07,1.081,1.359,1.369,1.116,1.125,0.091,0.09,0.081,0.082,1.396,1.327,1.076,1.072,1.325,1.358,1.083,1.118,0.09,0.089,0.082,0.082,0.92,0.938,0.992,1.037,1.33,1.347,1.043,1.017,0.09,0.09,0.082,0.082,0.643,0.626,0.81,0.786,1.241,1.228,0.932,0.84,0.09,0.091,0.081,0.082,0.282,0.39,0.692,0.784,1.199,1.204,0.76,0.723,0.09,0.089,0.092,0.083,0.082,0.086,0.083,0.082,0.083,0.082,0.083,0.083,0.089,0.083,0.082
,6:59:10,30.1,0.081,0.083,0.082,0.083,0.082,0.082,0.082,0.082,0.083,0.083,0.081,0.08,0.084,1.457,1.54,1.15,1.129,1.395,1.418,1.157,1.147,0.09,0.09,0.081,0.083,1.45,1.429,1.107,1.117,1.403,1.41,1.161,1.169,0.091,0.09,0.081,0.082,1.431,1.365,1.115,1.107,1.371,1.4,1.128,1.163,0.09,0.089,0.082,0.082,0.935,0.952,1.023,1.064,1.368,1.382,1.082,1.058,0.09,0.09,0.082,0.082,0.649,0.634,0.829,0.802,1.265,1.252,0.962,0.867,0.09,0.091,0.081,0.082,0.285,0.394,0.707,0.802,1.22,1.229,0.781,0.742,0.09,0.089,0.092,0.083,0.082,0.086,0.083,0.082,0.083,0.082,0.084,0.084,0.09,0.083,0.082
,7:14:10,30.1,0.081,0.082,0.082,0.083,0.082,0.082,0.082,0.082,0.082,0.083,0.081,0.08,0.084,1.495,1.576,1.19,1.17,1.434,1.457,1.204,1.193,0.09,0.09,0.081,0.083,1.478,1.461,1.145,1.155,1.441,1.45,1.206,1.21,0.091,0.09,0.081,0.082,1.456,1.396,1.151,1.149,1.413,1.444,1.171,1.209,0.09,0.089,0.081,0.082,0.951,0.965,1.05,1.089,1.397,1.413,1.119,1.097,0.09,0.09,0.081,0.082,0.657,0.641,0.848,0.822,1.284,1.272,0.984,0.893,0.09,0.091,0.081,0.082,0.287,0.399,0.722,0.818,1.242,1.251,0.798,0.76,0.09,0.089,0.092,0.083,0.082,0.086,0.083,0.082,0.084,0.082,0.084,0.084,0.089,0.083,0.082
,7:29:10,30.1,0.081,0.082,0.082,0.083,0.082,0.082,0.082,0.082,0.083,0.083,0.081,0.08,0.084,1.529,1.605,1.226,1.208,1.473,1.492,1.249,1.236,0.09,0.09,0.082,0.083,1.507,1.486,1.178,1.189,1.479,1.487,1.246,1.251,0.091,0.09,0.082,0.082,1.476,1.423,1.188,1.182,1.451,1.483,1.213,1.245,0.09,0.089,0.081,0.082,0.964,0.98,1.077,1.115,1.425,1.44,1.156,1.129,0.09,0.09,0.081,0.082,0.664,0.646,0.868,0.837,1.306,1.292,1.009,0.921,0.09,0.091,0.081,0.082,0.291,0.403,0.737,0.836,1.262,1.273,0.817,0.776,0.09,0.089,0.092,0.083,0.082,0.086,0.083,0.082,0.083,0.082,0.084,0.084,0.089,0.083,0.082
,7:44:10,30,0.081,0.082,0.082,0.083,0.082,0.082,0.082,0.082,0.083,0.083,0.081,0.08,0.084,1.559,1.632,1.261,1.243,1.501,1.523,1.29,1.284,0.09,0.09,0.081,0.083,1.533,1.513,1.212,1.223,1.511,1.519,1.284,1.288,0.091,0.09,0.081,0.083,1.497,1.445,1.22,1.214,1.486,1.517,1.252,1.284,0.09,0.089,0.082,0.082,0.978,0.993,1.099,1.139,1.452,1.466,1.186,1.161,0.09,0.089,0.081,0.082,0.671,0.655,0.885,0.859,1.322,1.308,1.033,0.945,0.09,0.091,0.081,0.082,0.293,0.406,0.754,0.851,1.28,1.291,0.835,0.794,0.09,0.089,0.092,0.083,0.082,0.087,0.083,0.082,0.084,0.082,0.084,0.083,0.089,0.083,0.082
,7:59:10,30,0.081,0.082,0.082,0.083,0.082,0.082,0.082,0.082,0.082,0.083,0.081,0.08,0.084,1.588,1.655,1.295,1.278,1.526,1.548,1.331,1.324,0.09,0.09,0.081,0.083,1.554,1.534,1.244,1.254,1.537,1.547,1.321,1.323,0.091,0.09,0.081,0.083,1.513,1.464,1.25,1.243,1.518,1.545,1.287,1.326,0.09,0.089,0.082,0.083,0.987,1.006,1.127,1.162,1.472,1.488,1.219,1.195,0.09,0.09,0.081,0.082,0.68,0.659,0.903,0.878,1.339,1.327,1.054,0.965,0.09,0.091,0.081,0.082,0.296,0.41,0.767,0.87,1.298,1.31,0.85,0.812,0.09,0.089,0.093,0.084,0.082,0.087,0.083,0.082,0.084,0.082,0.084,0.084,0.09,0.083,0.082
,8:14:10,30.1,0.081,0.082,0.082,0.083,0.082,0.082,0.082,0.082,0.082,0.083,0.081,0.081,0.084,1.614,1.677,1.325,1.31,1.547,1.575,1.371,1.365,0.09,0.09,0.082,0.083,1.571,1.552,1.273,1.285,1.562,1.573,1.355,1.363,0.091,0.09,0.081,0.083,1.528,1.481,1.279,1.271,1.545,1.574,1.322,1.354,0.09,0.089,0.082,0.082,0.998,1.015,1.148,1.182,1.497,1.51,1.248,1.224,0.09,0.09,0.081,0.082,0.684,0.666,0.919,0.893,1.36,1.34,1.075,0.988,0.09,0.091,0.081,0.082,0.299,0.413,0.783,0.883,1.315,1.328,0.866,0.827,0.09,0.089,0.093,0.083,0.082,0.087,0.083,0.082,0.084,0.082,0.084,0.083,0.09,0.083,0.082
,8:29:10,30,0.081,0.082,0.082,0.084,0.082,0.083,0.082,0.083,0.083,0.083,0.081,0.08,0.084,1.637,1.696,1.354,1.341,1.565,1.59,1.408,1.404,0.09,0.09,0.082,0.083,1.59,1.569,1.3,1.31,1.582,1.591,1.387,1.391,0.091,0.09,0.082,0.083,1.54,1.497,1.306,1.301,1.565,1.599,1.353,1.383,0.09,0.089,0.081,0.082,1.009,1.028,1.168,1.204,1.516,1.53,1.274,1.249,0.09,0.09,0.081,0.082,0.69,0.672,0.936,0.91,1.371,1.356,1.099,1.007,0.09,0.091,0.081,0.082,0.3,0.416,0.798,0.9,1.33,1.346,0.882,0.842,0.09,0.089,0.093,0.084,0.082,0.087,0.083,0.082,0.084,0.082,0.084,0.084,0.09,0.083,0.082
,8:44:10,30,0.081,0.082,0.082,0.083,0.082,0.083,0.082,0.083,0.083,0.083,0.081,0.08,0.084,1.655,1.714,1.381,1.373,1.58,1.605,1.443,1.439,0.09,0.09,0.082,0.083,1.609,1.587,1.329,1.339,1.597,1.611,1.419,1.422,0.091,0.09,0.082,0.083,1.554,1.511,1.331,1.323,1.588,1.619,1.382,1.414,0.09,0.089,0.082,0.082,1.017,1.035,1.187,1.224,1.535,1.549,1.299,1.277,0.09,0.09,0.081,0.082,0.692,0.679,0.958,0.927,1.388,1.371,1.115,1.028,0.09,0.091,0.081,0.082,0.303,0.419,0.812,0.913,1.348,1.36,0.898,0.857,0.09,0.089,0.093,0.083,0.082,0.087,0.084,0.082,0.084,0.082,0.084,0.084,0.09,0.083,0.082
,8:59:10,30,0.081,0.082,0.082,0.084,0.082,0.083,0.081,0.083,0.083,0.083,0.081,0.08,0.084,1.674,1.728,1.41,1.397,1.593,1.618,1.479,1.474,0.09,0.09,0.082,0.083,1.622,1.602,1.354,1.365,1.617,1.626,1.448,1.456,0.091,0.09,0.081,0.083,1.564,1.523,1.354,1.35,1.607,1.637,1.412,1.439,0.09,0.089,0.082,0.082,1.028,1.043,1.208,1.245,1.553,1.567,1.322,1.302,0.09,0.09,0.081,0.082,0.702,0.682,0.97,0.944,1.4,1.387,1.133,1.045,0.09,0.091,0.081,0.082,0.304,0.422,0.826,0.928,1.361,1.375,0.909,0.873,0.09,0.089,0.093,0.083,0.083,0.087,0.083,0.082,0.083,0.082,0.084,0.084,0.09,0.083,0.082
,9:14:10,30,0.081,0.082,0.082,0.083,0.082,0.083,0.081,0.083,0.083,0.083,0.081,0.08,0.084,1.688,1.743,1.434,1.423,1.6,1.624,1.508,1.506,0.09,0.09,0.082,0.083,1.635,1.615,1.377,1.385,1.626,1.637,1.475,1.479,0.091,0.09,0.08,0.083,1.574,1.533,1.376,1.369,1.621,1.652,1.438,1.466,0.09,0.089,0.082,0.082,1.035,1.051,1.23,1.262,1.568,1.582,1.346,1.325,0.09,0.09,0.081,0.082,0.707,0.687,0.987,0.96,1.413,1.397,1.149,1.062,0.09,0.091,0.081,0.082,0.306,0.425,0.84,0.942,1.375,1.391,0.926,0.888,0.09,0.089,0.093,0.083,0.082,0.087,0.083,0.082,0.083,0.082,0.082,0.084,0.09,0.083,0.082
,9:29:10,30,0.081,0.082,0.082,0.083,0.082,0.082,0.081,0.082,0.082,0.083,0.081,0.08,0.084,1.704,1.756,1.456,1.449,1.609,1.633,1.542,1.536,0.09,0.09,0.081,0.083,1.647,1.626,1.4,1.41,1.635,1.647,1.502,1.504,0.091,0.09,0.081,0.081,1.58,1.544,1.397,1.393,1.634,1.662,1.462,1.491,0.09,0.089,0.082,0.082,1.045,1.061,1.244,1.278,1.583,1.598,1.367,1.347,0.09,0.09,0.082,0.082,0.709,0.692,1.003,0.974,1.425,1.407,1.171,1.079,0.09,0.091,0.081,0.082,0.309,0.427,0.851,0.955,1.39,1.404,0.939,0.901,0.09,0.089,0.093,0.083,0.083,0.087,0.083,0.082,0.083,0.082,0.082,0.084,0.09,0.083,0.082
,9:44:10,30,0.081,0.082,0.082,0.083,0.083,0.082,0.081,0.082,0.082,0.083,0.081,0.08,0.084,1.716,1.766,1.478,1.47,1.613,1.637,1.568,1.561,0.09,0.09,0.082,0.082,1.66,1.638,1.422,1.431,1.642,1.652,1.525,1.53,0.091,0.09,0.08,0.081,1.589,1.551,1.419,1.409,1.644,1.674,1.486,1.511,0.09,0.089,0.082,0.082,1.051,1.067,1.267,1.296,1.597,1.612,1.387,1.365,0.09,0.09,0.082,0.082,0.716,0.696,1.017,0.99,1.435,1.42,1.185,1.095,0.09,0.091,0.081,0.082,0.31,0.429,0.863,0.968,1.403,1.417,0.952,0.912,0.09,0.089,0.093,0.083,0.083,0.087,0.083,0.082,0.083,0.082,0.082,0.084,0.09,0.083,0.083
,9:59:10,30,0.081,0.082,0.082,0.083,0.083,0.082,0.081,0.082,0.082,0.083,0.081,0.08,0.084,1.727,1.778,1.497,1.492,1.616,1.638,1.592,1.587,0.09,0.09,0.081,0.082,1.669,1.65,1.44,1.451,1.647,1.657,1.548,1.554,0.091,0.09,0.08,0.081,1.596,1.559,1.436,1.429,1.652,1.68,1.506,1.531,0.09,0.089,0.082,0.082,1.059,1.074,1.281,1.311,1.611,1.626,1.406,1.384,0.09,0.09,0.082,0.082,0.717,0.701,1.029,1.003,1.449,1.432,1.197,1.111,0.09,0.091,0.081,0.082,0.312,0.431,0.876,0.98,1.414,1.427,0.964,0.928,0.09,0.089,0.093,0.083,0.083,0.086,0.084,0.082,0.083,0.082,0.082,0.084,0.09,0.083,0.083
,10:14:10,30,0.081,0.083,0.082,0.083,0.081,0.082,0.081,0.082,0.082,0.083,0.081,0.08,0.084,1.738,1.787,1.517,1.509,1.619,1.641,1.617,1.613,0.09,0.09,0.081,0.082,1.679,1.657,1.46,1.468,1.649,1.66,1.57,1.576,0.091,0.09,0.08,0.081,1.6,1.564,1.455,1.446,1.657,1.687,1.527,1.555,0.09,0.089,0.082,0.082,1.065,1.084,1.293,1.326,1.62,1.639,1.423,1.402,0.09,0.09,0.082,0.082,0.724,0.703,1.046,1.014,1.456,1.444,1.211,1.122,0.09,0.091,0.081,0.082,0.314,0.434,0.887,0.991,1.426,1.436,0.979,0.938,0.09,0.089,0.093,0.083,0.082,0.087,0.083,0.083,0.083,0.082,0.082,0.084,0.09,0.082,0.083
,10:29:10,30,0.081,0.082,0.082,0.084,0.081,0.082,0.081,0.082,0.083,0.083,0.082,0.08,0.084,1.749,1.794,1.538,1.53,1.62,1.643,1.638,1.634,0.09,0.09,0.081,0.082,1.686,1.665,1.478,1.488,1.653,1.661,1.591,1.593,0.091,0.09,0.081,0.081,1.608,1.571,1.47,1.463,1.665,1.69,1.546,1.572,0.09,0.089,0.082,0.082,1.07,1.087,1.312,1.347,1.635,1.647,1.438,1.419,0.09,0.09,0.082,0.082,0.727,0.708,1.057,1.029,1.464,1.454,1.225,1.138,0.09,0.091,0.081,0.082,0.315,0.436,0.897,1.002,1.438,1.448,0.989,0.952,0.09,0.089,0.093,0.083,0.083,0.086,0.084,0.082,0.083,0.082,0.082,0.082,0.09,0.083,0.083
,10:44:10,30.1,0.081,0.082,0.083,0.084,0.081,0.082,0.081,0.082,0.082,0.083,0.081,0.08,0.084,1.756,1.802,1.556,1.549,1.622,1.646,1.658,1.656,0.09,0.09,0.082,0.082,1.693,1.671,1.494,1.503,1.652,1.663,1.609,1.61,0.091,0.09,0.081,0.081,1.615,1.576,1.487,1.48,1.666,1.692,1.565,1.59,0.09,0.089,0.082,0.082,1.077,1.093,1.326,1.356,1.641,1.658,1.455,1.436,0.09,0.09,0.082,0.083,0.73,0.712,1.067,1.046,1.476,1.462,1.238,1.149,0.09,0.091,0.081,0.082,0.317,0.436,0.909,1.015,1.446,1.458,1,0.962,0.09,0.089,0.093,0.084,0.083,0.085,0.083,0.083,0.083,0.082,0.082,0.082,0.09,0.083,0.083
,10:59:10,30,0.081,0.082,0.082,0.083,0.081,0.082,0.081,0.082,0.082,0.083,0.081,0.08,0.084,1.765,1.81,1.572,1.563,1.622,1.646,1.678,1.674,0.09,0.09,0.082,0.082,1.7,1.681,1.509,1.518,1.653,1.664,1.628,1.631,0.091,0.09,0.081,0.081,1.619,1.582,1.501,1.49,1.668,1.695,1.582,1.611,0.09,0.089,0.081,0.082,1.083,1.097,1.336,1.369,1.651,1.666,1.47,1.454,0.09,0.09,0.082,0.082,0.735,0.711,1.081,1.058,1.484,1.473,1.252,1.164,0.09,0.091,0.081,0.082,0.319,0.438,0.918,1.025,1.455,1.469,1.01,0.972,0.09,0.089,0.093,0.083,0.083,0.085,0.084,0.08,0.083,0.083,0.082,0.082,0.09,0.082,0.083
,11:14:10,30.1,0.081,0.082,0.083,0.083,0.081,0.082,0.081,0.082,0.082,0.083,0.082,0.08,0.084,1.774,1.815,1.585,1.58,1.622,1.648,1.697,1.694,0.09,0.089,0.082,0.082,1.707,1.686,1.523,1.533,1.653,1.663,1.643,1.646,0.091,0.09,0.081,0.081,1.62,1.586,1.516,1.507,1.67,1.696,1.6,1.623,0.09,0.089,0.082,0.082,1.089,1.104,1.349,1.381,1.66,1.675,1.485,1.467,0.09,0.089,0.082,0.083,0.737,0.716,1.096,1.068,1.492,1.478,1.266,1.173,0.09,0.091,0.081,0.082,0.321,0.44,0.929,1.035,1.464,1.475,1.021,0.981,0.09,0.089,0.093,0.083,0.083,0.086,0.083,0.081,0.083,0.083,0.082,0.082,0.09,0.083,0.081
,11:29:10,30,0.081,0.083,0.082,0.083,0.081,0.082,0.081,0.083,0.082,0.083,0.082,0.08,0.084,1.78,1.821,1.601,1.594,1.623,1.648,1.711,1.711,0.09,0.09,0.082,0.082,1.711,1.693,1.538,1.546,1.654,1.664,1.658,1.662,0.091,0.09,0.081,0.081,1.625,1.589,1.526,1.519,1.671,1.698,1.616,1.637,0.09,0.089,0.082,0.082,1.092,1.108,1.361,1.388,1.666,1.68,1.499,1.481,0.09,0.09,0.082,0.083,0.739,0.72,1.106,1.081,1.5,1.487,1.276,1.187,0.09,0.091,0.081,0.082,0.321,0.443,0.938,1.045,1.475,1.485,1.034,0.991,0.09,0.089,0.093,0.083,0.083,0.086,0.084,0.08,0.083,0.083,0.083,0.082,0.09,0.083,0.081
,11:44:10,30.1,0.081,0.083,0.082,0.083,0.081,0.082,0.081,0.083,0.082,0.083,0.082,0.08,0.084,1.786,1.828,1.614,1.607,1.623,1.647,1.729,1.728,0.09,0.09,0.082,0.082,1.72,1.698,1.552,1.56,1.651,1.663,1.674,1.676,0.091,0.09,0.081,0.081,1.63,1.594,1.534,1.529,1.672,1.698,1.632,1.653,0.09,0.089,0.081,0.082,1.098,1.114,1.367,1.396,1.67,1.686,1.514,1.495,0.09,0.089,0.081,0.082,0.743,0.722,1.114,1.089,1.506,1.494,1.287,1.199,0.09,0.091,0.081,0.082,0.326,0.444,0.949,1.054,1.482,1.493,1.041,1.003,0.09,0.089,0.093,0.083,0.083,0.086,0.084,0.081,0.083,0.082,0.082,0.082,0.091,0.083,0.081
,11:59:10,30,0.081,0.083,0.082,0.083,0.081,0.082,0.081,0.083,0.082,0.083,0.082,0.08,0.084,1.791,1.833,1.625,1.619,1.623,1.646,1.742,1.743,0.09,0.09,0.081,0.082,1.723,1.705,1.563,1.573,1.65,1.663,1.69,1.69,0.091,0.09,0.08,0.081,1.633,1.597,1.547,1.542,1.674,1.703,1.643,1.67,0.09,0.089,0.082,0.082,1.102,1.116,1.379,1.407,1.674,1.689,1.525,1.509,0.09,0.09,0.082,0.082,0.745,0.726,1.125,1.102,1.513,1.503,1.3,1.209,0.09,0.091,0.081,0.083,0.324,0.445,0.955,1.063,1.489,1.501,1.051,1.013,0.09,0.089,0.093,0.082,0.082,0.086,0.083,0.08,0.083,0.083,0.083,0.082,0.09,0.083,0.081
,12:14:10,30.1,0.081,0.083,0.083,0.083,0.081,0.082,0.081,0.083,0.082,0.084,0.082,0.08,0.084,1.796,1.836,1.635,1.629,1.625,1.649,1.756,1.756,0.09,0.09,0.082,0.082,1.729,1.708,1.574,1.585,1.649,1.662,1.702,1.702,0.091,0.09,0.08,0.081,1.635,1.601,1.558,1.55,1.673,1.699,1.659,1.682,0.09,0.089,0.082,0.082,1.106,1.122,1.391,1.417,1.675,1.693,1.537,1.52,0.09,0.09,0.081,0.083,0.748,0.729,1.136,1.108,1.521,1.508,1.308,1.224,0.09,0.091,0.081,0.083,0.327,0.447,0.965,1.075,1.496,1.51,1.058,1.021,0.09,0.089,0.093,0.082,0.083,0.086,0.084,0.08,0.083,0.083,0.083,0.082,0.091,0.082,0.081
,12:29:10,30.1,0.081,0.083,0.083,0.083,0.081,0.082,0.082,0.083,0.082,0.083,0.082,0.08,0.084,1.8,1.84,1.644,1.637,1.623,1.649,1.771,1.767,0.09,0.09,0.082,0.082,1.733,1.712,1.584,1.598,1.65,1.663,1.714,1.714,0.091,0.09,0.08,0.081,1.639,1.603,1.568,1.556,1.673,1.701,1.672,1.693,0.09,0.089,0.082,0.082,1.11,1.123,1.401,1.429,1.68,1.694,1.548,1.532,0.09,0.09,0.082,0.082,0.752,0.73,1.147,1.121,1.528,1.515,1.318,1.231,0.09,0.091,0.081,0.083,0.328,0.447,0.973,1.08,1.505,1.517,1.071,1.03,0.089,0.089,0.093,0.082,0.083,0.086,0.084,0.081,0.083,0.083,0.082,0.082,0.091,0.083,0.081
,12:44:10,30.1,0.081,0.083,0.082,0.083,0.081,0.082,0.082,0.083,0.082,0.084,0.082,0.08,0.084,1.806,1.843,1.652,1.649,1.625,1.649,1.784,1.78,0.09,0.09,0.082,0.082,1.737,1.72,1.595,1.608,1.65,1.663,1.726,1.724,0.091,0.09,0.08,0.081,1.642,1.606,1.581,1.567,1.673,1.7,1.685,1.702,0.09,0.089,0.082,0.083,1.112,1.128,1.412,1.44,1.681,1.697,1.562,1.541,0.09,0.09,0.082,0.083,0.754,0.733,1.159,1.13,1.534,1.521,1.327,1.242,0.09,0.091,0.081,0.083,0.329,0.45,0.98,1.09,1.512,1.522,1.078,1.039,0.09,0.089,0.093,0.083,0.083,0.086,0.084,0.081,0.083,0.083,0.082,0.082,0.091,0.083,0.081
,12:59:10,30,0.081,0.083,0.083,0.083,0.081,0.082,0.082,0.083,0.082,0.084,0.082,0.08,0.084,1.809,1.847,1.661,1.655,1.625,1.648,1.792,1.79,0.09,0.089,0.082,0.082,1.741,1.72,1.605,1.618,1.65,1.663,1.737,1.736,0.091,0.09,0.08,0.081,1.645,1.608,1.592,1.576,1.673,1.7,1.697,1.714,0.09,0.089,0.082,0.083,1.115,1.131,1.423,1.451,1.684,1.697,1.573,1.552,0.09,0.09,0.082,0.083,0.758,0.735,1.169,1.142,1.541,1.527,1.336,1.247,0.09,0.091,0.081,0.083,0.326,0.45,0.985,1.098,1.518,1.531,1.088,1.048,0.09,0.089,0.093,0.082,0.082,0.086,0.084,0.081,0.083,0.083,0.083,0.082,0.09,0.083,0.081
,13:14:10,30,0.081,0.083,0.082,0.083,0.081,0.083,0.082,0.083,0.082,0.084,0.081,0.08,0.084,1.811,1.851,1.666,1.661,1.623,1.649,1.804,1.8,0.09,0.09,0.082,0.082,1.745,1.726,1.612,1.627,1.652,1.662,1.747,1.748,0.091,0.09,0.081,0.081,1.646,1.61,1.602,1.581,1.673,1.699,1.708,1.723,0.09,0.089,0.082,0.083,1.12,1.135,1.432,1.461,1.681,1.698,1.582,1.565,0.09,0.09,0.082,0.083,0.759,0.737,1.178,1.154,1.546,1.533,1.345,1.26,0.09,0.091,0.081,0.083,0.33,0.45,0.992,1.106,1.525,1.537,1.096,1.056,0.09,0.089,0.093,0.082,0.083,0.086,0.084,0.081,0.083,0.083,0.082,0.083,0.09,0.083,0.081
,13:29:10,30.1,0.081,0.083,0.082,0.083,0.081,0.082,0.082,0.083,0.082,0.084,0.081,0.081,0.085,1.816,1.852,1.673,1.668,1.625,1.65,1.814,1.811,0.09,0.09,0.082,0.082,1.748,1.729,1.619,1.634,1.65,1.662,1.757,1.756,0.091,0.09,0.081,0.081,1.647,1.613,1.615,1.594,1.673,1.7,1.717,1.736,0.09,0.089,0.082,0.083,1.122,1.137,1.441,1.47,1.681,1.698,1.591,1.574,0.09,0.09,0.082,0.083,0.762,0.739,1.189,1.159,1.55,1.538,1.353,1.266,0.09,0.091,0.081,0.083,0.329,0.453,1.003,1.114,1.531,1.541,1.103,1.065,0.09,0.089,0.093,0.082,0.083,0.086,0.084,0.081,0.083,0.082,0.083,0.083,0.091,0.083,0.081
,13:44:10,30,0.081,0.083,0.082,0.083,0.081,0.082,0.082,0.083,0.082,0.083,0.081,0.081,0.085,1.82,1.856,1.675,1.672,1.623,1.649,1.823,1.819,0.09,0.09,0.082,0.082,1.754,1.733,1.628,1.641,1.649,1.662,1.766,1.767,0.091,0.09,0.081,0.081,1.65,1.614,1.624,1.594,1.672,1.697,1.724,1.747,0.09,0.089,0.082,0.083,1.125,1.142,1.452,1.476,1.682,1.698,1.6,1.582,0.09,0.09,0.082,0.083,0.766,0.741,1.199,1.167,1.556,1.544,1.363,1.271,0.09,0.091,0.081,0.083,0.33,0.454,1.007,1.122,1.535,1.547,1.111,1.075,0.09,0.089,0.093,0.082,0.083,0.086,0.084,0.081,0.084,0.081,0.083,0.083,0.091,0.083,0.082
,13:59:10,30.1,0.081,0.083,0.082,0.083,0.081,0.082,0.082,0.083,0.082,0.083,0.081,0.08,0.085,1.822,1.859,1.679,1.677,1.624,1.649,1.831,1.827,0.09,0.09,0.082,0.082,1.757,1.737,1.634,1.648,1.65,1.662,1.774,1.774,0.091,0.09,0.081,0.082,1.652,1.616,1.632,1.604,1.672,1.698,1.733,1.752,0.09,0.089,0.082,0.081,1.13,1.144,1.46,1.486,1.683,1.699,1.609,1.589,0.09,0.09,0.082,0.083,0.768,0.743,1.208,1.176,1.561,1.546,1.371,1.282,0.09,0.091,0.081,0.083,0.331,0.456,1.014,1.125,1.54,1.553,1.116,1.081,0.09,0.089,0.093,0.082,0.083,0.086,0.084,0.081,0.083,0.081,0.083,0.083,0.089,0.083,0.082
,14:14:10,30,0.081,0.083,0.082,0.083,0.081,0.082,0.082,0.083,0.081,0.083,0.08,0.08,0.085,1.826,1.861,1.681,1.679,1.625,1.649,1.837,1.832,0.09,0.09,0.082,0.082,1.76,1.739,1.64,1.652,1.65,1.662,1.782,1.783,0.091,0.09,0.081,0.081,1.654,1.618,1.629,1.619,1.673,1.698,1.744,1.759,0.09,0.089,0.082,0.081,1.131,1.149,1.47,1.491,1.681,1.699,1.615,1.6,0.09,0.09,0.082,0.083,0.768,0.745,1.212,1.183,1.565,1.549,1.376,1.291,0.09,0.091,0.081,0.083,0.335,0.456,1.014,1.131,1.546,1.558,1.126,1.087,0.09,0.089,0.092,0.082,0.083,0.086,0.084,0.081,0.084,0.081,0.083,0.082,0.089,0.083,0.082
,14:29:10,30,0.081,0.083,0.082,0.083,0.082,0.082,0.082,0.083,0.081,0.083,0.081,0.08,0.085,1.828,1.863,1.683,1.683,1.626,1.65,1.841,1.84,0.09,0.09,0.082,0.083,1.764,1.743,1.645,1.657,1.652,1.662,1.79,1.79,0.091,0.09,0.081,0.082,1.656,1.62,1.635,1.621,1.673,1.698,1.751,1.767,0.09,0.09,0.082,0.081,1.135,1.151,1.477,1.494,1.681,1.698,1.626,1.607,0.09,0.09,0.082,0.083,0.77,0.748,1.22,1.192,1.571,1.556,1.385,1.297,0.09,0.091,0.081,0.083,0.333,0.457,1.023,1.134,1.552,1.563,1.132,1.095,0.09,0.089,0.092,0.082,0.083,0.086,0.084,0.081,0.084,0.081,0.082,0.083,0.089,0.083,0.081
,14:44:10,30,0.081,0.083,0.082,0.083,0.081,0.081,0.083,0.083,0.081,0.082,0.081,0.08,0.085,1.831,1.867,1.685,1.685,1.625,1.65,1.847,1.844,0.09,0.09,0.082,0.083,1.766,1.745,1.662,1.653,1.649,1.663,1.798,1.798,0.091,0.09,0.081,0.082,1.658,1.622,1.637,1.633,1.673,1.7,1.76,1.774,0.09,0.089,0.082,0.081,1.137,1.152,1.485,1.5,1.681,1.698,1.633,1.614,0.091,0.09,0.082,0.083,0.771,0.75,1.226,1.203,1.573,1.562,1.39,1.305,0.09,0.091,0.081,0.083,0.332,0.458,1.027,1.141,1.555,1.567,1.138,1.102,0.09,0.089,0.092,0.082,0.081,0.086,0.084,0.082,0.083,0.081,0.083,0.083,0.089,0.083,0.082
,14:59:10,30,0.081,0.083,0.082,0.083,0.081,0.081,0.082,0.084,0.081,0.082,0.08,0.08,0.083,1.834,1.868,1.69,1.687,1.626,1.65,1.849,1.844,0.09,0.09,0.082,0.082,1.768,1.748,1.667,1.655,1.65,1.662,1.806,1.805,0.091,0.09,0.081,0.082,1.66,1.625,1.641,1.64,1.673,1.701,1.768,1.779,0.09,0.089,0.082,0.081,1.14,1.155,1.492,1.505,1.68,1.697,1.642,1.621,0.09,0.09,0.082,0.083,0.775,0.75,1.234,1.207,1.578,1.566,1.399,1.311,0.09,0.091,0.081,0.083,0.334,0.46,1.03,1.147,1.558,1.572,1.147,1.109,0.09,0.089,0.092,0.082,0.081,0.086,0.082,0.082,0.083,0.081,0.083,0.083,0.089,0.083,0.081
,15:14:10,30.1,0.081,0.083,0.082,0.083,0.081,0.081,0.081,0.083,0.082,0.083,0.081,0.08,0.083,1.836,1.871,1.692,1.689,1.625,1.65,1.852,1.849,0.09,0.09,0.082,0.083,1.772,1.752,1.674,1.661,1.65,1.662,1.814,1.812,0.091,0.09,0.081,0.082,1.663,1.627,1.646,1.649,1.673,1.7,1.775,1.792,0.09,0.089,0.082,0.081,1.143,1.158,1.501,1.508,1.681,1.697,1.649,1.627,0.09,0.09,0.082,0.083,0.777,0.752,1.24,1.215,1.585,1.567,1.41,1.321,0.09,0.091,0.081,0.083,0.338,0.46,1.035,1.151,1.564,1.576,1.153,1.117,0.09,0.089,0.092,0.082,0.081,0.086,0.082,0.081,0.083,0.081,0.083,0.083,0.089,0.083,0.081
,15:29:10,30,0.081,0.083,0.082,0.083,0.082,0.081,0.081,0.084,0.082,0.082,0.081,0.08,0.083,1.838,1.872,1.692,1.692,1.625,1.65,1.853,1.85,0.09,0.09,0.082,0.083,1.773,1.754,1.682,1.663,1.65,1.663,1.821,1.819,0.091,0.09,0.081,0.082,1.662,1.627,1.647,1.655,1.674,1.701,1.782,1.796,0.09,0.089,0.082,0.081,1.145,1.16,1.508,1.509,1.679,1.697,1.655,1.637,0.09,0.09,0.082,0.083,0.779,0.753,1.246,1.22,1.588,1.573,1.413,1.323,0.09,0.091,0.081,0.082,0.335,0.459,1.04,1.155,1.568,1.581,1.16,1.123,0.09,0.089,0.092,0.082,0.081,0.086,0.082,0.082,0.083,0.081,0.082,0.083,0.089,0.083,0.081
,15:44:10,30.1,0.081,0.083,0.082,0.083,0.081,0.081,0.081,0.084,0.082,0.083,0.081,0.08,0.083,1.841,1.874,1.694,1.694,1.627,1.65,1.854,1.849,0.09,0.09,0.082,0.082,1.777,1.757,1.685,1.665,1.651,1.664,1.825,1.824,0.091,0.09,0.081,0.082,1.666,1.63,1.653,1.653,1.672,1.698,1.788,1.802,0.09,0.089,0.082,0.081,1.149,1.162,1.514,1.514,1.679,1.697,1.662,1.643,0.09,0.09,0.082,0.083,0.78,0.757,1.251,1.225,1.593,1.576,1.421,1.333,0.09,0.091,0.081,0.082,0.334,0.459,1.042,1.154,1.572,1.585,1.169,1.132,0.09,0.089,0.092,0.082,0.081,0.086,0.082,0.082,0.082,0.082,0.082,0.083,0.09,0.083,0.081
,15:59:10,30,0.081,0.083,0.082,0.083,0.082,0.081,0.081,0.084,0.082,0.083,0.081,0.08,0.083,1.841,1.876,1.695,1.694,1.627,1.651,1.855,1.851,0.09,0.09,0.082,0.083,1.78,1.759,1.689,1.669,1.652,1.664,1.832,1.83,0.091,0.09,0.081,0.082,1.671,1.631,1.656,1.656,1.672,1.698,1.792,1.807,0.09,0.089,0.082,0.081,1.152,1.164,1.52,1.516,1.679,1.695,1.666,1.649,0.09,0.09,0.082,0.081,0.781,0.759,1.257,1.23,1.596,1.579,1.426,1.339,0.09,0.091,0.081,0.082,0.338,0.459,1.044,1.161,1.578,1.588,1.174,1.138,0.09,0.089,0.092,0.082,0.081,0.086,0.082,0.082,0.083,0.082,0.082,0.083,0.089,0.083,0.081
,16:14:10,30.1,0.081,0.083,0.082,0.083,0.082,0.081,0.081,0.084,0.082,0.083,0.081,0.08,0.083,1.844,1.877,1.695,1.689,1.626,1.65,1.857,1.854,0.09,0.09,0.082,0.083,1.782,1.761,1.692,1.669,1.651,1.664,1.837,1.836,0.091,0.09,0.081,0.082,1.668,1.632,1.661,1.657,1.673,1.701,1.798,1.812,0.09,0.089,0.082,0.081,1.152,1.167,1.526,1.52,1.677,1.696,1.671,1.656,0.09,0.09,0.082,0.081,0.783,0.761,1.261,1.237,1.598,1.584,1.435,1.346,0.09,0.091,0.081,0.082,0.338,0.463,1.05,1.165,1.582,1.592,1.179,1.144,0.09,0.089,0.092,0.082,0.082,0.087,0.082,0.081,0.083,0.082,0.082,0.083,0.089,0.083,0.081
,16:29:10,30,0.081,0.083,0.082,0.083,0.082,0.081,0.081,0.083,0.082,0.083,0.081,0.08,0.083,1.845,1.879,1.696,1.689,1.625,1.651,1.857,1.856,0.09,0.09,0.082,0.083,1.784,1.764,1.697,1.671,1.651,1.664,1.842,1.84,0.091,0.09,0.081,0.082,1.67,1.633,1.663,1.665,1.674,1.7,1.804,1.817,0.09,0.089,0.082,0.081,1.155,1.17,1.531,1.524,1.678,1.693,1.679,1.663,0.09,0.09,0.082,0.081,0.784,0.761,1.267,1.241,1.602,1.587,1.44,1.353,0.09,0.091,0.081,0.082,0.339,0.462,1.052,1.17,1.587,1.595,1.184,1.152,0.09,0.089,0.092,0.082,0.081,0.087,0.083,0.081,0.083,0.082,0.082,0.083,0.089,0.083,0.081
,16:44:10,30.1,0.081,0.083,0.083,0.084,0.082,0.081,0.081,0.083,0.082,0.082,0.081,0.08,0.083,1.848,1.88,1.695,1.689,1.626,1.651,1.859,1.855,0.09,0.09,0.082,0.083,1.788,1.768,1.695,1.671,1.653,1.664,1.848,1.844,0.091,0.09,0.081,0.082,1.672,1.635,1.666,1.663,1.672,1.701,1.811,1.824,0.09,0.089,0.082,0.081,1.157,1.171,1.537,1.528,1.677,1.694,1.684,1.665,0.09,0.09,0.083,0.081,0.785,0.763,1.272,1.247,1.603,1.59,1.443,1.356,0.09,0.091,0.081,0.082,0.337,0.462,1.055,1.173,1.59,1.599,1.19,1.154,0.09,0.089,0.092,0.082,0.081,0.086,0.083,0.081,0.083,0.082,0.083,0.083,0.09,0.083,0.081
,16:59:10,30.1,0.081,0.083,0.083,0.083,0.082,0.081,0.081,0.083,0.082,0.083,0.081,0.08,0.083,1.849,1.881,1.696,1.691,1.627,1.65,1.859,1.856,0.09,0.09,0.082,0.083,1.789,1.768,1.694,1.671,1.653,1.664,1.854,1.849,0.091,0.09,0.081,0.083,1.676,1.636,1.667,1.665,1.673,1.699,1.813,1.827,0.09,0.089,0.082,0.081,1.159,1.173,1.542,1.531,1.677,1.696,1.691,1.673,0.09,0.09,0.082,0.081,0.786,0.765,1.276,1.251,1.607,1.593,1.449,1.363,0.09,0.091,0.081,0.082,0.336,0.463,1.059,1.176,1.594,1.603,1.197,1.161,0.089,0.089,0.092,0.082,0.081,0.086,0.083,0.081,0.083,0.082,0.082,0.083,0.089,0.083,0.081
,17:14:10,30,0.081,0.083,0.083,0.084,0.082,0.081,0.081,0.083,0.082,0.083,0.081,0.08,0.084,1.851,1.883,1.696,1.692,1.626,1.651,1.857,1.856,0.09,0.09,0.083,0.083,1.793,1.771,1.697,1.672,1.654,1.664,1.857,1.853,0.091,0.09,0.081,0.083,1.676,1.638,1.669,1.667,1.674,1.7,1.819,1.831,0.09,0.089,0.082,0.081,1.162,1.175,1.545,1.534,1.676,1.694,1.694,1.679,0.09,0.09,0.083,0.081,0.785,0.767,1.276,1.257,1.609,1.596,1.454,1.368,0.09,0.091,0.081,0.082,0.337,0.464,1.062,1.18,1.596,1.605,1.203,1.167,0.09,0.089,0.092,0.082,0.081,0.087,0.082,0.082,0.083,0.082,0.083,0.083,0.089,0.083,0.082
,17:29:10,30,0.081,0.083,0.083,0.083,0.082,0.081,0.082,0.083,0.082,0.083,0.081,0.08,0.084,1.852,1.883,1.695,1.692,1.627,1.65,1.859,1.855,0.09,0.09,0.082,0.083,1.793,1.771,1.696,1.674,1.652,1.665,1.86,1.854,0.091,0.09,0.081,0.083,1.677,1.639,1.67,1.667,1.672,1.698,1.823,1.835,0.09,0.089,0.082,0.082,1.164,1.178,1.551,1.539,1.677,1.694,1.7,1.683,0.09,0.09,0.083,0.081,0.789,0.768,1.28,1.264,1.612,1.6,1.463,1.373,0.09,0.091,0.081,0.082,0.338,0.464,1.065,1.183,1.6,1.609,1.209,1.173,0.09,0.089,0.092,0.083,0.081,0.087,0.083,0.082,0.083,0.082,0.083,0.084,0.09,0.083,0.081
,17:44:10,30,0.081,0.083,0.083,0.084,0.082,0.081,0.081,0.083,0.082,0.083,0.081,0.08,0.084,1.853,1.885,1.694,1.692,1.628,1.651,1.862,1.856,0.09,0.09,0.082,0.083,1.796,1.775,1.697,1.672,1.654,1.666,1.861,1.858,0.091,0.09,0.081,0.083,1.679,1.641,1.671,1.667,1.673,1.7,1.827,1.838,0.09,0.089,0.082,0.082,1.165,1.18,1.555,1.544,1.675,1.694,1.706,1.688,0.09,0.089,0.083,0.082,0.789,0.769,1.281,1.268,1.614,1.602,1.466,1.38,0.09,0.091,0.081,0.082,0.337,0.464,1.069,1.185,1.602,1.612,1.215,1.177,0.09,0.089,0.092,0.082,0.081,0.087,0.083,0.082,0.083,0.082,0.083,0.084,0.089,0.083,0.082
,17:59:10,30.1,0.081,0.083,0.083,0.084,0.082,0.082,0.081,0.082,0.082,0.083,0.081,0.08,0.084,1.854,1.885,1.696,1.692,1.629,1.65,1.86,1.856,0.09,0.09,0.082,0.083,1.797,1.776,1.697,1.67,1.652,1.666,1.864,1.861,0.091,0.09,0.081,0.083,1.679,1.641,1.672,1.671,1.674,1.702,1.833,1.842,0.09,0.089,0.082,0.082,1.168,1.181,1.558,1.546,1.675,1.695,1.71,1.693,0.09,0.09,0.083,0.082,0.792,0.769,1.285,1.266,1.618,1.607,1.471,1.385,0.09,0.091,0.081,0.082,0.339,0.465,1.07,1.189,1.604,1.615,1.22,1.185,0.09,0.089,0.092,0.082,0.081,0.087,0.083,0.081,0.083,0.082,0.083,0.083,0.09,0.083,0.081
,18:14:10,30.1,0.081,0.083,0.083,0.084,0.082,0.082,0.081,0.083,0.082,0.083,0.081,0.08,0.084,1.855,1.886,1.694,1.689,1.628,1.651,1.86,1.857,0.09,0.09,0.082,0.083,1.799,1.778,1.696,1.672,1.652,1.666,1.869,1.861,0.091,0.09,0.081,0.082,1.682,1.643,1.671,1.67,1.674,1.701,1.835,1.849,0.09,0.089,0.082,0.082,1.17,1.183,1.562,1.549,1.676,1.691,1.715,1.7,0.09,0.09,0.083,0.081,0.792,0.771,1.287,1.272,1.62,1.606,1.48,1.392,0.09,0.091,0.081,0.082,0.339,0.465,1.072,1.191,1.608,1.617,1.225,1.19,0.09,0.089,0.092,0.082,0.081,0.087,0.083,0.081,0.083,0.082,0.083,0.084,0.09,0.083,0.081
,,,,,,,,,,,,,,,,,,,,,,,,,,,,,,,,,,,,,,,,,,,,,,,,,,,,,,,,,,,,,,,,,,,,,,,,,,,,,,,,,,,,,,,,,,,,,,,,,,
Results,,,,,,,,,,,,,,,,,,,,,,,,,,,,,,,,,,,,,,,,,,,,,,,,,,,,,,,,,,,,,,,,,,,,,,,,,,,,,,,,,,,,,,,,,,,,,,,,,,
,,,,,,,,,,,,,,,,,,,,,,,,,,,,,,,,,,,,,,,,,,,,,,,,,,,,,,,,,,,,,,,,,,,,,,,,,,,,,,,,,,,,,,,,,,,,,,,,,,
,,1,2,3,4,5,6,7,8,9,10,11,12,,,,,,,,,,,,,,,,,,,,,,,,,,,,,,,,,,,,,,,,,,,,,,,,,,,,,,,,,,,,,,,,,,,,,,,,,,,,,,,,,,,,,
,A,-0.019,-0.026,-0.023,-0.019,-0.039,-0.017,-0.025,-0.02,-0.018,-0.016,-0.027,-0.015,Max V [Read 2:600],,,,,,,,,,,,,,,,,,,,,,,,,,,,,,,,,,,,,,,,,,,,,,,,,,,,,,,,,,,,,,,,,,,,,,,,,,,,,,,,,,,,
,,0.581,0.779,0.785,0.746,0.695,0.977,0.79,0.75,0.817,0.823,0.811,0.712,R-Squared [Read 2:600],,,,,,,,,,,,,,,,,,,,,,,,,,,,,,,,,,,,,,,,,,,,,,,,,,,,,,,,,,,,,,,,,,,,,,,,,,,,,,,,,,,,
,,5:14:10,6:59:10,6:29:10,10:59:10,10:14:10,13:44:10,15:14:10,16:14:10,13:59:10,5:59:10,13:14:10,8:29:10,t at Max V [Read 2:600],,,,,,,,,,,,,,,,,,,,,,,,,,,,,,,,,,,,,,,,,,,,,,,,,,,,,,,,,,,,,,,,,,,,,,,,,,,,,,,,,,,,
,,6:12:06,7:20:42,7:11:31,12:28:08,10:30:26,15:07:15,16:04:26,17:29:10,14:30:17,6:49:10,13:49:25,8:35:59,Lagtime [Read 2:600],,,,,,,,,,,,,,,,,,,,,,,,,,,,,,,,,,,,,,,,,,,,,,,,,,,,,,,,,,,,,,,,,,,,,,,,,,,,,,,,,,,,
,B,-0.035,5.419,5.298,3.35,3.519,3.693,3.741,3.549,3.543,0.002,0.003,-0.021,Max V [Read 2:600],,,,,,,,,,,,,,,,,,,,,,,,,,,,,,,,,,,,,,,,,,,,,,,,,,,,,,,,,,,,,,,,,,,,,,,,,,,,,,,,,,,,
,,0.719,1,1,1,0.999,1,0.999,1,1,0.75,0.8,0.837,R-Squared [Read 2:600],,,,,,,,,,,,,,,,,,,,,,,,,,,,,,,,,,,,,,,,,,,,,,,,,,,,,,,,,,,,,,,,,,,,,,,,,,,,,,,,,,,,
,,14:44:10,5:14:10,4:44:10,5:44:10,5:14:10,4:44:10,4:44:10,5:59:10,5:29:10,8:14:10,11:44:10,17:44:10,t at Max V [Read 2:600],,,,,,,,,,,,,,,,,,,,,,,,,,,,,,,,,,,,,,,,,,,,,,,,,,,,,,,,,,,,,,,,,,,,,,,,,,,,,,,,,,,,
,,15:23:13,2:34:40,2:05:33,2:06:31,2:20:40,1:38:31,1:37:18,2:16:10,2:18:01,8:44:10,11:44:10,?????,Lagtime [Read 2:600],,,,,,,,,,,,,,,,,,,,,,,,,,,,,,,,,,,,,,,,,,,,,,,,,,,,,,,,,,,,,,,,,,,,,,,,,,,,,,,,,,,,
,C,-0.029,5.203,5.188,3.088,3.153,3.554,3.539,3.483,3.613,-0.003,0.003,-0.022,Max V [Read 2:600],,,,,,,,,,,,,,,,,,,,,,,,,,,,,,,,,,,,,,,,,,,,,,,,,,,,,,,,,,,,,,,,,,,,,,,,,,,,,,,,,,,,
,,0.783,1,1,1,1,1,1,1,0.999,0.571,0.781,0.808,R-Squared [Read 2:600],,,,,,,,,,,,,,,,,,,,,,,,,,,,,,,,,,,,,,,,,,,,,,,,,,,,,,,,,,,,,,,,,,,,,,,,,,,,,,,,,,,,
,,9:44:10,4:29:10,4:44:10,5:14:10,5:29:10,4:29:10,5:14:10,5:29:10,5:14:10,7:29:10,8:14:10,8:59:10,t at Max V [Read 2:600],,,,,,,,,,,,,,,,,,,,,,,,,,,,,,,,,,,,,,,,,,,,,,,,,,,,,,,,,,,,,,,,,,,,,,,,,,,,,,,,,,,,
,,10:09:24,2:14:38,2:18:22,1:59:30,2:02:50,1:34:07,1:33:41,2:08:20,2:14:38,7:59:10,8:32:10,9:43:43,Lagtime [Read 2:600],,,,,,,,,,,,,,,,,,,,,,,,,,,,,,,,,,,,,,,,,,,,,,,,,,,,,,,,,,,,,,,,,,,,,,,,,,,,,,,,,,,,
,D,-0.038,5.159,5.223,3.131,2.999,3.479,3.535,3.448,3.556,-0.002,-0.003,-0.019,Max V [Read 2:600],,,,,,,,,,,,,,,,,,,,,,,,,,,,,,,,,,,,,,,,,,,,,,,,,,,,,,,,,,,,,,,,,,,,,,,,,,,,,,,,,,,,
,,0.768,1,1,1,1,1,0.999,1,0.997,0.75,0.8,0.79,R-Squared [Read 2:600],,,,,,,,,,,,,,,,,,,,,,,,,,,,,,,,,,,,,,,,,,,,,,,,,,,,,,,,,,,,,,,,,,,,,,,,,,,,,,,,,,,,
,,9:29:10,4:29:10,5:14:10,4:59:10,5:29:10,4:44:10,4:59:10,5:14:10,4:44:10,5:29:10,2:14:10,6:59:10,t at Max V [Read 2:600],,,,,,,,,,,,,,,,,,,,,,,,,,,,,,,,,,,,,,,,,,,,,,,,,,,,,,,,,,,,,,,,,,,,,,,,,,,,,,,,,,,,
,,9:47:04,2:14:49,2:40:55,1:59:22,1:51:34,1:37:46,1:37:58,2:13:53,2:11:05,5:09:10,1:36:40,7:39:53,Lagtime [Read 2:600],,,,,,,,,,,,,,,,,,,,,,,,,,,,,,,,,,,,,,,,,,,,,,,,,,,,,,,,,,,,,,,,,,,,,,,,,,,,,,,,,,,,
,E,-0.028,3.506,3.631,2.783,2.855,3.617,3.665,3.225,3.421,-0.003,-0.002,-0.015,Max V [Read 2:600],,,,,,,,,,,,,,,,,,,,,,,,,,,,,,,,,,,,,,,,,,,,,,,,,,,,,,,,,,,,,,,,,,,,,,,,,,,,,,,,,,,,
,,0.676,0.999,0.999,1,0.999,1,1,1,0.996,0.781,0.75,0.912,R-Squared [Read 2:600],,,,,,,,,,,,,,,,,,,,,,,,,,,,,,,,,,,,,,,,,,,,,,,,,,,,,,,,,,,,,,,,,,,,,,,,,,,,,,,,,,,,
,,13:44:10,3:59:10,3:59:10,4:44:10,4:59:10,4:29:10,4:29:10,4:29:10,4:44:10,15:14:10,1:59:10,7:29:10,t at Max V [Read 2:600],,,,,,,,,,,,,,,,,,,,,,,,,,,,,,,,,,,,,,,,,,,,,,,,,,,,,,,,,,,,,,,,,,,,,,,,,,,,,,,,,,,,
,,14:29:53,1:57:27,1:59:37,1:46:13,1:39:05,1:37:38,1:39:11,2:06:37,2:22:10,15:02:10,2:19:10,8:08:18,Lagtime [Read 2:600],,,,,,,,,,,,,,,,,,,,,,,,,,,,,,,,,,,,,,,,,,,,,,,,,,,,,,,,,,,,,,,,,,,,,,,,,,,,,,,,,,,,
,F,-0.036,1.771,1.827,2.024,1.915,3.464,3.413,2.607,2.47,0.003,-0.002,-0.011,Max V [Read 2:600],,,,,,,,,,,,,,,,,,,,,,,,,,,,,,,,,,,,,,,,,,,,,,,,,,,,,,,,,,,,,,,,,,,,,,,,,,,,,,,,,,,,
,,0.722,1,0.999,1,1,1,1,1,0.991,0.8,0.75,0.955,R-Squared [Read 2:600],,,,,,,,,,,,,,,,,,,,,,,,,,,,,,,,,,,,,,,,,,,,,,,,,,,,,,,,,,,,,,,,,,,,,,,,,,,,,,,,,,,,
,,15:59:10,2:59:10,2:29:10,3:14:10,3:14:10,3:44:10,3:59:10,4:14:10,4:14:10,1:29:10,14:59:10,14:14:10,t at Max V [Read 2:600],,,,,,,,,,,,,,,,,,,,,,,,,,,,,,,,,,,,,,,,,,,,,,,,,,,,,,,,,,,,,,,,,,,,,,,,,,,,,,,,,,,,
,,16:13:03,0:49:04,0:49:08,1:03:18,1:06:17,1:25:36,1:24:32,1:29:27,1:39:10,1:29:10,15:19:10,14:59:10,Lagtime [Read 2:600],,,,,,,,,,,,,,,,,,,,,,,,,,,,,,,,,,,,,,,,,,,,,,,,,,,,,,,,,,,,,,,,,,,,,,,,,,,,,,,,,,,,
,G,-0.029,0.592,0.941,1.608,1.849,3.375,3.362,1.869,1.717,-0.002,-0.003,-0.026,Max V [Read 2:600],,,,,,,,,,,,,,,,,,,,,,,,,,,,,,,,,,,,,,,,,,,,,,,,,,,,,,,,,,,,,,,,,,,,,,,,,,,,,,,,,,,,
,,0.731,0.994,0.998,0.999,0.999,1,1,0.993,0.997,0.75,0.893,0.813,R-Squared [Read 2:600],,,,,,,,,,,,,,,,,,,,,,,,,,,,,,,,,,,,,,,,,,,,,,,,,,,,,,,,,,,,,,,,,,,,,,,,,,,,,,,,,,,,
,,15:29:10,1:14:10,1:14:10,2:44:10,2:44:10,3:44:10,3:44:10,4:29:10,3:29:10,8:59:10,11:14:10,14:14:10,t at Max V [Read 2:600],,,,,,,,,,,,,,,,,,,,,,,,,,,,,,,,,,,,,,,,,,,,,,,,,,,,,,,,,,,,,,,,,,,,,,,,,,,,,,,,,,,,
,,16:20:48,0:19:04,0:24:24,0:41:51,0:42:13,1:26:28,1:26:08,1:14:57,1:07:08,9:19:10,11:20:10,14:31:52,Lagtime [Read 2:600],,,,,,,,,,,,,,,,,,,,,,,,,,,,,,,,,,,,,,,,,,,,,,,,,,,,,,,,,,,,,,,,,,,,,,,,,,,,,,,,,,,,
,H,-0.039,-0.035,-0.025,-0.039,-0.039,-0.02,-0.037,-0.035,-0.039,-0.035,-0.013,-0.037,Max V [Read 2:600],,,,,,,,,,,,,,,,,,,,,,,,,,,,,,,,,,,,,,,,,,,,,,,,,,,,,,,,,,,,,,,,,,,,,,,,,,,,,,,,,,,,
,,0.843,0.778,0.815,0.814,0.717,0.889,0.777,0.704,0.743,0.843,0.669,0.828,R-Squared [Read 2:600],,,,,,,,,,,,,,,,,,,,,,,,,,,,,,,,,,,,,,,,,,,,,,,,,,,,,,,,,,,,,,,,,,,,,,,,,,,,,,,,,,,,
,,5:59:10,14:44:10,10:29:10,14:59:10,10:59:10,8:59:10,13:29:10,9:14:10,10:14:10,13:59:10,9:29:10,11:14:10,t at Max V [Read 2:600],,,,,,,,,,,,,,,,,,,,,,,,,,,,,,,,,,,,,,,,,,,,,,,,,,,,,,,,,,,,,,,,,,,,,,,,,,,,,,,,,,,,
,,6:31:14,15:02:51,11:22:51,15:24:00,11:05:47,9:56:10,14:00:15,9:30:35,10:40:06,14:29:10,10:48:07,11:34:54,Lagtime [Read 2:600],,,,,,,,,,,,,,,,,,,,,,,,,,,,,,,,,,,,,,,,,,,,,,,,,,,,,,,,,,,,,,,,,,,,,,,,,,,,,,,,,,,,