Time,A1,A2,A3,A4,A5,A6,A7,A8,A9,A10,A11,A12,B1,B2,B3,B4,B5,B6,B7,B8,B9,B10,B11,B12,C1,C2,C3,C4,C5,C6,C7,C8,C9,C10,C11,C12,D1,D2,D3,D4,D5,D6,D7,D8,D9,D10,D11,D12,E1,E2,E3,E4,E5,E6,E7,E8,E9,E10,E11,E12,F1,F2,F3,F4,F5,F6,F7,F8,F9,F10,F11,F12,G1,G2,G3,G4,G5,G6,G7,G8,G9,G10,G11,G12,H1,H2,H3,H4,H5,H6,H7,H8,H9,H10,H11,H12
0:09:10,0.106,0.112,0.109,0.11,0.082,0.093,0.091,0.092,0.092,0.09,0.095,0.091,0.112,0.115,0.114,0.116,0.085,0.093,0.095,0.094,0.091,0.093,0.091,0.09,0.133,0.118,0.117,0.121,0.087,0.092,0.09,0.093,0.093,0.098,0.096,0.09,0.112,0.117,0.114,0.113,0.082,0.09,0.089,0.092,0.091,0.094,0.092,0.093,0.112,0.112,0.108,0.112,0.083,0.092,0.09,0.089,0.091,0.093,0.089,0.093,0.113,0.123,0.113,0.118,0.083,0.092,0.093,0.092,0.093,0.094,0.094,0.094,0.118,0.124,0.12,0.119,0.086,0.094,0.094,0.095,0.094,0.096,0.09,0.091,0.11,0.111,0.115,0.117,0.085,0.092,0.098,0.093,0.092,0.092,0.096,0.091
0:19:10,0.107,0.113,0.11,0.111,0.082,0.093,0.091,0.092,0.092,0.09,0.095,0.091,0.114,0.118,0.116,0.118,0.086,0.093,0.095,0.094,0.091,0.093,0.091,0.09,0.138,0.122,0.118,0.125,0.086,0.092,0.09,0.093,0.093,0.098,0.096,0.09,0.113,0.119,0.118,0.117,0.082,0.09,0.089,0.092,0.091,0.094,0.092,0.094,0.115,0.115,0.111,0.112,0.084,0.092,0.09,0.089,0.091,0.093,0.089,0.093,0.115,0.125,0.117,0.122,0.083,0.092,0.093,0.092,0.093,0.094,0.094,0.094,0.123,0.127,0.124,0.122,0.085,0.094,0.094,0.095,0.094,0.096,0.09,0.091,0.115,0.112,0.117,0.12,0.085,0.092,0.098,0.093,0.092,0.092,0.096,0.091
0:29:10,0.112,0.116,0.114,0.114,0.082,0.093,0.091,0.092,0.092,0.09,0.095,0.091,0.119,0.12,0.12,0.118,0.085,0.093,0.095,0.094,0.091,0.092,0.091,0.09,0.145,0.125,0.124,0.128,0.087,0.091,0.09,0.093,0.093,0.098,0.096,0.09,0.12,0.121,0.12,0.118,0.082,0.09,0.089,0.092,0.091,0.094,0.092,0.094,0.118,0.117,0.113,0.117,0.085,0.092,0.09,0.089,0.091,0.093,0.089,0.094,0.118,0.124,0.118,0.125,0.083,0.092,0.093,0.092,0.093,0.094,0.094,0.094,0.128,0.124,0.13,0.125,0.087,0.094,0.094,0.095,0.094,0.096,0.09,0.091,0.115,0.115,0.12,0.121,0.087,0.092,0.098,0.093,0.092,0.092,0.096,0.091
0:39:10,0.113,0.122,0.116,0.118,0.082,0.093,0.091,0.092,0.092,0.09,0.095,0.091,0.122,0.123,0.124,0.126,0.085,0.093,0.094,0.094,0.091,0.092,0.091,0.09,0.145,0.132,0.13,0.134,0.087,0.092,0.09,0.093,0.093,0.098,0.096,0.09,0.123,0.125,0.125,0.122,0.082,0.091,0.09,0.092,0.091,0.094,0.092,0.094,0.123,0.121,0.117,0.119,0.086,0.092,0.09,0.089,0.092,0.093,0.089,0.094,0.122,0.132,0.124,0.128,0.083,0.092,0.093,0.092,0.093,0.094,0.094,0.094,0.134,0.133,0.135,0.128,0.087,0.094,0.093,0.095,0.094,0.096,0.09,0.091,0.12,0.117,0.124,0.123,0.086,0.092,0.098,0.093,0.092,0.093,0.096,0.091
0:49:10,0.116,0.123,0.117,0.12,0.082,0.093,0.091,0.092,0.092,0.09,0.095,0.091,0.127,0.127,0.128,0.13,0.085,0.093,0.094,0.094,0.091,0.092,0.091,0.09,0.152,0.137,0.134,0.137,0.087,0.091,0.09,0.093,0.093,0.098,0.096,0.09,0.128,0.129,0.129,0.126,0.082,0.091,0.09,0.092,0.091,0.094,0.092,0.094,0.125,0.123,0.12,0.121,0.086,0.092,0.09,0.089,0.092,0.093,0.089,0.094,0.126,0.133,0.127,0.13,0.083,0.092,0.093,0.092,0.093,0.094,0.094,0.094,0.136,0.136,0.141,0.132,0.087,0.094,0.093,0.095,0.094,0.096,0.09,0.091,0.122,0.12,0.127,0.127,0.087,0.092,0.098,0.093,0.092,0.092,0.097,0.091
0:59:10,0.118,0.127,0.119,0.123,0.082,0.093,0.091,0.092,0.092,0.09,0.095,0.091,0.133,0.133,0.133,0.135,0.085,0.093,0.094,0.094,0.091,0.092,0.091,0.09,0.172,0.141,0.139,0.143,0.087,0.092,0.09,0.093,0.093,0.098,0.096,0.09,0.133,0.133,0.133,0.131,0.082,0.091,0.09,0.092,0.091,0.094,0.092,0.094,0.128,0.126,0.121,0.122,0.086,0.092,0.09,0.089,0.093,0.093,0.09,0.094,0.13,0.136,0.13,0.134,0.084,0.092,0.093,0.092,0.093,0.094,0.094,0.094,0.147,0.143,0.143,0.135,0.088,0.094,0.093,0.095,0.094,0.096,0.09,0.091,0.126,0.125,0.13,0.129,0.087,0.092,0.098,0.093,0.092,0.092,0.097,0.091
1:09:10,0.121,0.13,0.122,0.124,0.082,0.093,0.091,0.092,0.092,0.09,0.095,0.091,0.137,0.139,0.139,0.142,0.085,0.093,0.094,0.094,0.091,0.092,0.091,0.09,0.175,0.148,0.147,0.151,0.087,0.092,0.09,0.093,0.093,0.098,0.096,0.09,0.136,0.138,0.139,0.138,0.082,0.091,0.09,0.092,0.091,0.094,0.092,0.094,0.129,0.13,0.124,0.125,0.086,0.092,0.09,0.089,0.093,0.093,0.09,0.094,0.133,0.139,0.134,0.136,0.084,0.092,0.093,0.092,0.093,0.094,0.094,0.094,0.148,0.147,0.148,0.139,0.088,0.094,0.093,0.095,0.094,0.096,0.09,0.091,0.129,0.129,0.135,0.132,0.087,0.092,0.098,0.093,0.092,0.092,0.097,0.091
1:19:10,0.123,0.13,0.126,0.128,0.082,0.093,0.091,0.092,0.092,0.09,0.095,0.091,0.144,0.144,0.145,0.15,0.085,0.093,0.094,0.094,0.091,0.092,0.091,0.09,0.188,0.155,0.153,0.155,0.087,0.092,0.09,0.093,0.093,0.098,0.096,0.09,0.14,0.143,0.144,0.143,0.082,0.091,0.09,0.092,0.091,0.094,0.092,0.094,0.133,0.13,0.126,0.127,0.086,0.092,0.09,0.089,0.093,0.093,0.09,0.094,0.136,0.14,0.137,0.139,0.084,0.092,0.093,0.092,0.093,0.094,0.094,0.094,0.152,0.147,0.157,0.144,0.088,0.094,0.093,0.095,0.094,0.096,0.09,0.091,0.133,0.133,0.137,0.137,0.087,0.092,0.098,0.093,0.092,0.092,0.097,0.091
1:29:10,0.128,0.134,0.128,0.13,0.082,0.093,0.091,0.092,0.092,0.09,0.095,0.091,0.152,0.152,0.152,0.156,0.085,0.093,0.094,0.094,0.091,0.092,0.091,0.09,0.197,0.16,0.159,0.16,0.088,0.092,0.09,0.093,0.093,0.098,0.096,0.09,0.147,0.148,0.149,0.149,0.082,0.091,0.09,0.092,0.091,0.094,0.092,0.094,0.135,0.135,0.129,0.129,0.086,0.092,0.09,0.089,0.092,0.093,0.09,0.094,0.14,0.144,0.141,0.143,0.084,0.092,0.093,0.092,0.093,0.094,0.094,0.094,0.159,0.158,0.16,0.148,0.088,0.094,0.093,0.095,0.094,0.096,0.09,0.091,0.137,0.137,0.142,0.14,0.087,0.092,0.098,0.093,0.092,0.092,0.097,0.091
1:39:10,0.13,0.139,0.131,0.135,0.082,0.093,0.091,0.092,0.092,0.09,0.095,0.091,0.159,0.159,0.159,0.165,0.085,0.093,0.094,0.094,0.091,0.092,0.091,0.09,0.203,0.168,0.167,0.167,0.087,0.092,0.09,0.093,0.093,0.098,0.096,0.09,0.153,0.155,0.157,0.154,0.082,0.091,0.09,0.092,0.091,0.094,0.092,0.095,0.138,0.139,0.132,0.132,0.086,0.092,0.09,0.089,0.092,0.093,0.09,0.094,0.143,0.148,0.144,0.144,0.084,0.093,0.093,0.092,0.093,0.094,0.094,0.094,0.165,0.159,0.166,0.152,0.088,0.094,0.093,0.095,0.095,0.096,0.09,0.091,0.14,0.141,0.147,0.143,0.087,0.092,0.098,0.093,0.092,0.093,0.097,0.091
1:49:10,0.134,0.145,0.134,0.138,0.082,0.093,0.091,0.092,0.092,0.09,0.095,0.091,0.168,0.167,0.167,0.171,0.085,0.093,0.094,0.094,0.091,0.092,0.091,0.09,0.212,0.173,0.175,0.177,0.087,0.092,0.09,0.093,0.093,0.098,0.096,0.09,0.159,0.16,0.162,0.161,0.082,0.091,0.09,0.092,0.091,0.094,0.092,0.095,0.141,0.142,0.135,0.136,0.086,0.092,0.09,0.089,0.092,0.093,0.09,0.094,0.146,0.148,0.147,0.147,0.084,0.093,0.093,0.092,0.093,0.094,0.094,0.094,0.17,0.168,0.168,0.157,0.088,0.094,0.093,0.095,0.094,0.096,0.09,0.091,0.145,0.145,0.149,0.147,0.087,0.092,0.098,0.093,0.092,0.093,0.097,0.091
1:59:10,0.138,0.148,0.138,0.143,0.082,0.093,0.091,0.092,0.092,0.09,0.095,0.091,0.177,0.177,0.177,0.183,0.085,0.093,0.094,0.094,0.091,0.092,0.091,0.09,0.221,0.185,0.184,0.186,0.087,0.091,0.09,0.092,0.093,0.098,0.096,0.09,0.167,0.168,0.169,0.169,0.082,0.091,0.09,0.092,0.091,0.094,0.092,0.094,0.145,0.146,0.139,0.139,0.086,0.092,0.09,0.089,0.093,0.093,0.09,0.094,0.148,0.152,0.149,0.149,0.084,0.093,0.093,0.092,0.093,0.094,0.094,0.094,0.17,0.165,0.176,0.161,0.088,0.094,0.093,0.095,0.094,0.096,0.09,0.091,0.148,0.15,0.154,0.152,0.087,0.092,0.098,0.093,0.092,0.093,0.097,0.091
2:09:10,0.143,0.15,0.142,0.148,0.083,0.093,0.091,0.092,0.092,0.09,0.095,0.091,0.189,0.188,0.187,0.194,0.085,0.093,0.094,0.094,0.091,0.092,0.091,0.09,0.232,0.192,0.192,0.194,0.087,0.091,0.09,0.092,0.093,0.098,0.096,0.09,0.175,0.175,0.178,0.177,0.082,0.091,0.09,0.092,0.091,0.094,0.092,0.094,0.149,0.15,0.142,0.143,0.086,0.092,0.09,0.089,0.093,0.093,0.09,0.094,0.151,0.152,0.152,0.151,0.084,0.093,0.093,0.092,0.093,0.094,0.094,0.094,0.175,0.173,0.178,0.165,0.088,0.094,0.093,0.095,0.094,0.096,0.09,0.091,0.154,0.155,0.159,0.156,0.087,0.092,0.098,0.093,0.092,0.092,0.097,0.091
2:19:10,0.148,0.159,0.146,0.152,0.083,0.093,0.091,0.092,0.092,0.09,0.095,0.091,0.202,0.202,0.202,0.206,0.086,0.093,0.094,0.094,0.091,0.092,0.091,0.09,0.246,0.197,0.201,0.204,0.087,0.091,0.09,0.093,0.093,0.098,0.096,0.09,0.183,0.184,0.186,0.185,0.082,0.091,0.09,0.092,0.091,0.094,0.092,0.094,0.151,0.155,0.147,0.147,0.086,0.092,0.09,0.089,0.092,0.093,0.09,0.094,0.154,0.156,0.155,0.153,0.084,0.093,0.093,0.092,0.093,0.094,0.094,0.094,0.183,0.18,0.182,0.169,0.088,0.094,0.093,0.095,0.094,0.096,0.09,0.091,0.158,0.16,0.164,0.161,0.087,0.092,0.098,0.093,0.092,0.093,0.097,0.091
2:29:10,0.154,0.166,0.151,0.158,0.083,0.093,0.091,0.092,0.092,0.09,0.095,0.091,0.216,0.215,0.215,0.219,0.086,0.093,0.094,0.094,0.091,0.092,0.091,0.09,0.259,0.209,0.208,0.214,0.087,0.092,0.09,0.093,0.093,0.098,0.096,0.09,0.191,0.193,0.195,0.194,0.082,0.091,0.09,0.092,0.091,0.094,0.092,0.094,0.156,0.159,0.15,0.149,0.087,0.092,0.09,0.089,0.093,0.093,0.09,0.094,0.156,0.157,0.156,0.154,0.084,0.093,0.093,0.092,0.093,0.094,0.094,0.094,0.183,0.177,0.191,0.173,0.088,0.094,0.093,0.095,0.095,0.096,0.09,0.091,0.163,0.164,0.167,0.165,0.087,0.092,0.098,0.093,0.092,0.093,0.097,0.091
2:39:10,0.16,0.167,0.157,0.164,0.083,0.093,0.091,0.092,0.092,0.09,0.095,0.091,0.231,0.23,0.229,0.233,0.086,0.093,0.094,0.094,0.091,0.092,0.091,0.09,0.269,0.22,0.221,0.222,0.088,0.092,0.09,0.093,0.093,0.098,0.096,0.09,0.202,0.204,0.205,0.204,0.083,0.091,0.09,0.092,0.091,0.094,0.092,0.094,0.159,0.163,0.153,0.153,0.086,0.092,0.09,0.089,0.093,0.093,0.09,0.094,0.158,0.158,0.159,0.156,0.084,0.093,0.093,0.092,0.093,0.094,0.094,0.094,0.192,0.183,0.195,0.177,0.088,0.094,0.093,0.095,0.094,0.096,0.09,0.091,0.168,0.169,0.173,0.17,0.087,0.092,0.098,0.093,0.092,0.092,0.097,0.091
2:49:10,0.166,0.172,0.162,0.171,0.083,0.093,0.091,0.092,0.092,0.09,0.095,0.091,0.248,0.248,0.246,0.251,0.086,0.093,0.094,0.094,0.091,0.092,0.091,0.09,0.28,0.23,0.229,0.234,0.087,0.092,0.09,0.093,0.093,0.098,0.096,0.09,0.213,0.214,0.216,0.214,0.083,0.091,0.09,0.092,0.091,0.094,0.092,0.094,0.162,0.167,0.157,0.157,0.086,0.092,0.09,0.089,0.093,0.093,0.09,0.094,0.16,0.162,0.16,0.158,0.085,0.093,0.093,0.092,0.093,0.094,0.094,0.094,0.194,0.193,0.199,0.182,0.088,0.094,0.093,0.095,0.094,0.096,0.09,0.091,0.172,0.176,0.178,0.175,0.087,0.092,0.098,0.093,0.092,0.093,0.097,0.091
2:59:10,0.173,0.181,0.17,0.178,0.083,0.093,0.091,0.092,0.092,0.09,0.095,0.091,0.268,0.266,0.266,0.27,0.086,0.093,0.094,0.094,0.091,0.092,0.091,0.09,0.294,0.245,0.244,0.249,0.087,0.092,0.09,0.093,0.093,0.098,0.096,0.09,0.225,0.226,0.229,0.226,0.083,0.091,0.09,0.092,0.091,0.094,0.092,0.094,0.166,0.173,0.161,0.16,0.087,0.092,0.09,0.089,0.092,0.093,0.09,0.094,0.162,0.161,0.162,0.16,0.084,0.093,0.093,0.092,0.093,0.094,0.094,0.094,0.2,0.2,0.199,0.186,0.088,0.094,0.093,0.095,0.094,0.096,0.09,0.091,0.178,0.182,0.184,0.181,0.087,0.092,0.098,0.093,0.092,0.092,0.097,0.091
3:09:10,0.181,0.189,0.176,0.185,0.083,0.093,0.091,0.091,0.092,0.09,0.095,0.091,0.289,0.288,0.285,0.291,0.086,0.093,0.094,0.094,0.091,0.092,0.091,0.09,0.308,0.254,0.256,0.262,0.087,0.091,0.09,0.093,0.093,0.098,0.096,0.09,0.237,0.239,0.241,0.239,0.083,0.091,0.09,0.092,0.091,0.094,0.092,0.095,0.171,0.176,0.164,0.163,0.086,0.092,0.09,0.089,0.092,0.093,0.09,0.094,0.163,0.163,0.163,0.161,0.084,0.093,0.093,0.092,0.093,0.094,0.094,0.094,0.204,0.201,0.208,0.189,0.089,0.094,0.093,0.095,0.094,0.096,0.09,0.091,0.184,0.188,0.189,0.186,0.087,0.092,0.098,0.093,0.092,0.092,0.097,0.091
3:19:10,0.189,0.198,0.184,0.194,0.083,0.093,0.091,0.092,0.092,0.09,0.095,0.091,0.311,0.31,0.308,0.312,0.086,0.093,0.094,0.094,0.091,0.092,0.091,0.09,0.324,0.271,0.271,0.279,0.088,0.092,0.09,0.093,0.093,0.098,0.096,0.09,0.25,0.251,0.256,0.252,0.083,0.091,0.09,0.092,0.091,0.094,0.092,0.094,0.174,0.18,0.168,0.168,0.087,0.092,0.09,0.089,0.092,0.093,0.09,0.094,0.166,0.164,0.166,0.163,0.084,0.093,0.093,0.092,0.093,0.094,0.094,0.094,0.208,0.208,0.211,0.193,0.088,0.094,0.093,0.095,0.094,0.096,0.09,0.091,0.19,0.193,0.195,0.191,0.087,0.092,0.098,0.093,0.092,0.092,0.097,0.091
3:29:10,0.197,0.208,0.192,0.203,0.083,0.093,0.091,0.092,0.092,0.09,0.095,0.091,0.336,0.335,0.333,0.336,0.086,0.093,0.094,0.094,0.091,0.092,0.091,0.09,0.335,0.285,0.285,0.292,0.087,0.092,0.09,0.093,0.093,0.098,0.096,0.09,0.265,0.267,0.271,0.267,0.083,0.091,0.09,0.092,0.091,0.094,0.092,0.094,0.178,0.184,0.172,0.171,0.087,0.092,0.09,0.089,0.093,0.093,0.09,0.094,0.166,0.166,0.167,0.164,0.085,0.093,0.093,0.092,0.093,0.094,0.094,0.094,0.213,0.209,0.216,0.198,0.089,0.094,0.093,0.095,0.094,0.096,0.09,0.091,0.194,0.198,0.2,0.196,0.088,0.092,0.098,0.093,0.092,0.093,0.097,0.091
3:39:10,0.206,0.216,0.2,0.211,0.083,0.093,0.091,0.092,0.092,0.09,0.095,0.091,0.362,0.361,0.359,0.364,0.086,0.093,0.094,0.094,0.091,0.092,0.091,0.09,0.35,0.304,0.299,0.306,0.087,0.092,0.09,0.093,0.093,0.098,0.096,0.09,0.281,0.282,0.287,0.283,0.083,0.091,0.09,0.092,0.091,0.094,0.092,0.094,0.182,0.188,0.175,0.174,0.086,0.092,0.09,0.089,0.093,0.093,0.09,0.094,0.168,0.165,0.168,0.164,0.085,0.093,0.093,0.092,0.093,0.094,0.094,0.094,0.217,0.214,0.216,0.202,0.088,0.094,0.093,0.095,0.094,0.096,0.09,0.091,0.199,0.204,0.205,0.202,0.087,0.092,0.098,0.093,0.092,0.093,0.097,0.091
3:49:10,0.215,0.225,0.208,0.221,0.083,0.093,0.091,0.092,0.092,0.09,0.095,0.091,0.392,0.391,0.388,0.393,0.086,0.093,0.094,0.094,0.091,0.092,0.091,0.09,0.365,0.317,0.315,0.323,0.088,0.092,0.09,0.093,0.093,0.098,0.096,0.09,0.297,0.299,0.302,0.299,0.083,0.091,0.09,0.092,0.091,0.094,0.092,0.094,0.185,0.192,0.178,0.177,0.087,0.092,0.09,0.089,0.093,0.093,0.09,0.094,0.169,0.166,0.168,0.166,0.084,0.093,0.093,0.092,0.093,0.094,0.094,0.094,0.221,0.22,0.224,0.206,0.089,0.094,0.093,0.095,0.094,0.096,0.09,0.091,0.206,0.208,0.211,0.208,0.087,0.092,0.098,0.093,0.092,0.093,0.097,0.091
3:59:10,0.225,0.235,0.218,0.231,0.083,0.093,0.091,0.092,0.092,0.09,0.095,0.091,0.424,0.423,0.419,0.425,0.086,0.093,0.094,0.094,0.091,0.092,0.091,0.09,0.38,0.333,0.332,0.342,0.087,0.091,0.09,0.093,0.093,0.098,0.096,0.09,0.315,0.316,0.321,0.316,0.082,0.091,0.09,0.092,0.091,0.094,0.092,0.094,0.189,0.196,0.182,0.181,0.087,0.092,0.09,0.089,0.093,0.093,0.09,0.094,0.17,0.169,0.171,0.167,0.085,0.093,0.093,0.092,0.093,0.094,0.094,0.094,0.225,0.222,0.232,0.209,0.088,0.094,0.093,0.095,0.094,0.096,0.09,0.091,0.212,0.215,0.218,0.214,0.087,0.092,0.098,0.093,0.092,0.092,0.097,0.091
4:09:10,0.235,0.241,0.228,0.241,0.083,0.093,0.091,0.092,0.092,0.09,0.095,0.091,0.46,0.458,0.455,0.459,0.086,0.093,0.094,0.094,0.091,0.092,0.091,0.09,0.395,0.35,0.351,0.359,0.087,0.092,0.09,0.093,0.093,0.098,0.096,0.09,0.334,0.336,0.342,0.337,0.083,0.091,0.09,0.092,0.091,0.094,0.092,0.094,0.193,0.199,0.185,0.184,0.087,0.092,0.09,0.089,0.093,0.093,0.09,0.094,0.172,0.171,0.172,0.168,0.084,0.093,0.093,0.092,0.093,0.094,0.094,0.094,0.236,0.225,0.233,0.214,0.088,0.094,0.093,0.095,0.094,0.096,0.09,0.091,0.218,0.22,0.221,0.221,0.087,0.092,0.098,0.093,0.092,0.093,0.097,0.091
4:19:10,0.246,0.257,0.238,0.252,0.083,0.093,0.091,0.092,0.092,0.09,0.095,0.091,0.495,0.493,0.491,0.494,0.086,0.093,0.094,0.094,0.091,0.092,0.091,0.09,0.414,0.373,0.37,0.381,0.088,0.092,0.09,0.093,0.093,0.098,0.096,0.09,0.355,0.356,0.363,0.358,0.082,0.091,0.09,0.092,0.091,0.094,0.092,0.094,0.197,0.203,0.188,0.187,0.087,0.092,0.09,0.089,0.093,0.093,0.09,0.094,0.173,0.171,0.172,0.169,0.084,0.093,0.093,0.092,0.093,0.094,0.094,0.094,0.233,0.231,0.236,0.217,0.088,0.094,0.093,0.095,0.094,0.096,0.09,0.091,0.224,0.228,0.229,0.226,0.087,0.092,0.098,0.093,0.092,0.093,0.097,0.091
4:29:10,0.257,0.269,0.249,0.264,0.083,0.093,0.091,0.092,0.092,0.09,0.095,0.091,0.536,0.532,0.531,0.534,0.086,0.093,0.094,0.094,0.091,0.092,0.091,0.09,0.434,0.392,0.388,0.404,0.088,0.092,0.09,0.093,0.093,0.098,0.096,0.09,0.377,0.376,0.385,0.378,0.083,0.091,0.09,0.092,0.091,0.094,0.092,0.095,0.201,0.207,0.192,0.191,0.086,0.092,0.09,0.089,0.093,0.094,0.09,0.094,0.174,0.17,0.174,0.17,0.085,0.093,0.093,0.092,0.093,0.094,0.094,0.094,0.238,0.237,0.243,0.221,0.088,0.094,0.093,0.095,0.094,0.096,0.09,0.091,0.231,0.233,0.234,0.232,0.087,0.092,0.098,0.093,0.092,0.093,0.097,0.091
4:39:10,0.27,0.28,0.26,0.276,0.083,0.093,0.092,0.092,0.092,0.09,0.095,0.091,0.574,0.573,0.571,0.576,0.086,0.093,0.094,0.094,0.091,0.092,0.091,0.09,0.454,0.413,0.408,0.42,0.087,0.092,0.09,0.093,0.094,0.098,0.096,0.09,0.402,0.4,0.41,0.402,0.083,0.091,0.09,0.092,0.091,0.094,0.092,0.095,0.204,0.21,0.195,0.195,0.086,0.092,0.09,0.089,0.092,0.094,0.09,0.094,0.175,0.173,0.175,0.171,0.085,0.093,0.093,0.092,0.093,0.094,0.094,0.094,0.237,0.239,0.25,0.223,0.088,0.094,0.093,0.095,0.094,0.096,0.09,0.091,0.236,0.239,0.241,0.239,0.087,0.092,0.098,0.093,0.092,0.093,0.097,0.091
4:49:10,0.282,0.296,0.273,0.29,0.083,0.093,0.092,0.092,0.092,0.09,0.095,0.091,0.618,0.616,0.612,0.618,0.086,0.093,0.094,0.094,0.091,0.092,0.091,0.09,0.475,0.44,0.434,0.446,0.088,0.092,0.09,0.093,0.094,0.098,0.096,0.09,0.425,0.424,0.436,0.429,0.083,0.091,0.09,0.092,0.091,0.094,0.092,0.095,0.208,0.215,0.199,0.198,0.087,0.092,0.09,0.089,0.093,0.094,0.09,0.094,0.176,0.175,0.175,0.172,0.085,0.093,0.093,0.092,0.093,0.094,0.094,0.094,0.251,0.236,0.253,0.228,0.088,0.094,0.093,0.095,0.094,0.096,0.09,0.091,0.244,0.247,0.247,0.245,0.087,0.092,0.098,0.093,0.092,0.093,0.097,0.091
4:59:10,0.296,0.309,0.286,0.305,0.083,0.093,0.091,0.092,0.092,0.09,0.095,0.091,0.662,0.661,0.657,0.662,0.086,0.093,0.094,0.094,0.091,0.092,0.091,0.09,0.498,0.461,0.461,0.466,0.088,0.092,0.09,0.093,0.093,0.098,0.096,0.09,0.453,0.451,0.464,0.456,0.082,0.091,0.09,0.092,0.091,0.094,0.092,0.094,0.211,0.218,0.202,0.201,0.087,0.092,0.09,0.089,0.093,0.094,0.09,0.094,0.177,0.173,0.177,0.173,0.085,0.093,0.093,0.092,0.093,0.094,0.094,0.094,0.257,0.24,0.255,0.232,0.089,0.094,0.093,0.095,0.094,0.096,0.09,0.091,0.25,0.252,0.251,0.25,0.087,0.092,0.098,0.093,0.092,0.093,0.097,0.091
5:09:10,0.312,0.324,0.301,0.321,0.083,0.093,0.091,0.092,0.092,0.09,0.095,0.091,0.707,0.706,0.703,0.708,0.086,0.093,0.094,0.094,0.091,0.092,0.091,0.09,0.521,0.487,0.483,0.489,0.087,0.092,0.09,0.093,0.094,0.098,0.096,0.09,0.48,0.481,0.493,0.485,0.083,0.091,0.09,0.092,0.091,0.094,0.092,0.094,0.214,0.222,0.205,0.204,0.087,0.092,0.09,0.089,0.093,0.094,0.09,0.094,0.178,0.174,0.178,0.173,0.085,0.093,0.093,0.092,0.093,0.094,0.094,0.094,0.249,0.251,0.263,0.235,0.088,0.094,0.093,0.095,0.094,0.096,0.09,0.091,0.255,0.259,0.26,0.257,0.087,0.092,0.098,0.093,0.092,0.092,0.097,0.091
5:19:10,0.329,0.342,0.316,0.338,0.084,0.093,0.091,0.092,0.092,0.09,0.095,0.091,0.755,0.752,0.749,0.754,0.086,0.093,0.094,0.094,0.091,0.092,0.091,0.09,0.546,0.511,0.506,0.514,0.087,0.092,0.09,0.093,0.093,0.098,0.096,0.09,0.512,0.51,0.523,0.516,0.083,0.091,0.09,0.092,0.091,0.094,0.092,0.094,0.218,0.224,0.208,0.207,0.087,0.092,0.09,0.089,0.093,0.094,0.09,0.094,0.179,0.175,0.179,0.174,0.084,0.093,0.093,0.092,0.093,0.094,0.094,0.094,0.259,0.252,0.262,0.238,0.088,0.094,0.093,0.095,0.094,0.096,0.09,0.091,0.261,0.265,0.265,0.262,0.087,0.092,0.098,0.093,0.092,0.092,0.097,0.091
5:29:10,0.347,0.36,0.333,0.356,0.084,0.093,0.091,0.092,0.092,0.09,0.095,0.091,0.803,0.8,0.797,0.803,0.086,0.093,0.094,0.094,0.091,0.092,0.091,0.09,0.575,0.54,0.534,0.543,0.088,0.091,0.09,0.092,0.093,0.098,0.096,0.09,0.542,0.542,0.556,0.547,0.083,0.091,0.09,0.092,0.091,0.094,0.092,0.094,0.221,0.228,0.211,0.21,0.087,0.092,0.09,0.089,0.093,0.094,0.09,0.094,0.18,0.176,0.179,0.175,0.085,0.093,0.093,0.092,0.093,0.094,0.094,0.094,0.262,0.252,0.263,0.241,0.088,0.094,0.093,0.095,0.094,0.096,0.09,0.091,0.268,0.27,0.272,0.268,0.087,0.092,0.098,0.093,0.092,0.092,0.097,0.091
5:39:10,0.366,0.379,0.35,0.375,0.084,0.093,0.091,0.092,0.092,0.09,0.095,0.091,0.854,0.85,0.846,0.851,0.086,0.093,0.094,0.094,0.091,0.092,0.091,0.09,0.601,0.55,0.561,0.572,0.088,0.092,0.09,0.093,0.094,0.098,0.096,0.09,0.576,0.576,0.59,0.581,0.083,0.091,0.09,0.092,0.091,0.094,0.092,0.094,0.224,0.23,0.214,0.214,0.087,0.092,0.09,0.089,0.093,0.094,0.09,0.095,0.181,0.178,0.18,0.176,0.084,0.093,0.093,0.092,0.093,0.094,0.094,0.094,0.267,0.259,0.267,0.243,0.088,0.094,0.093,0.095,0.094,0.096,0.09,0.091,0.273,0.275,0.278,0.275,0.087,0.092,0.098,0.093,0.092,0.093,0.097,0.091
5:49:10,0.386,0.401,0.37,0.396,0.084,0.093,0.091,0.092,0.092,0.09,0.095,0.091,0.903,0.899,0.895,0.899,0.086,0.093,0.094,0.094,0.091,0.092,0.091,0.09,0.631,0.595,0.594,0.594,0.088,0.091,0.09,0.093,0.093,0.098,0.096,0.09,0.611,0.608,0.626,0.617,0.083,0.091,0.09,0.092,0.091,0.094,0.092,0.094,0.228,0.234,0.218,0.216,0.087,0.092,0.09,0.089,0.093,0.094,0.09,0.095,0.182,0.178,0.181,0.176,0.085,0.093,0.093,0.092,0.093,0.094,0.094,0.094,0.271,0.261,0.275,0.247,0.089,0.094,0.093,0.095,0.094,0.096,0.09,0.091,0.28,0.282,0.283,0.28,0.087,0.092,0.098,0.093,0.092,0.092,0.097,0.091
5:59:10,0.408,0.422,0.389,0.418,0.084,0.093,0.091,0.092,0.092,0.09,0.095,0.091,0.953,0.949,0.945,0.948,0.086,0.093,0.094,0.094,0.091,0.092,0.091,0.09,0.66,0.619,0.624,0.628,0.088,0.091,0.09,0.092,0.094,0.098,0.096,0.09,0.645,0.645,0.661,0.652,0.083,0.091,0.09,0.092,0.091,0.094,0.092,0.094,0.231,0.236,0.219,0.219,0.086,0.092,0.09,0.089,0.092,0.094,0.091,0.094,0.183,0.179,0.182,0.177,0.085,0.093,0.093,0.092,0.093,0.094,0.094,0.094,0.27,0.268,0.277,0.249,0.088,0.094,0.093,0.095,0.094,0.096,0.09,0.091,0.284,0.287,0.29,0.285,0.087,0.092,0.098,0.093,0.092,0.092,0.097,0.091
6:09:10,0.431,0.446,0.41,0.441,0.084,0.093,0.091,0.092,0.092,0.09,0.095,0.091,1.002,1,0.994,0.997,0.086,0.093,0.094,0.094,0.091,0.092,0.091,0.09,0.69,0.651,0.656,0.657,0.088,0.091,0.09,0.093,0.093,0.098,0.096,0.09,0.683,0.683,0.698,0.688,0.083,0.091,0.09,0.092,0.091,0.094,0.092,0.094,0.234,0.24,0.223,0.223,0.086,0.092,0.09,0.089,0.093,0.094,0.091,0.094,0.184,0.179,0.183,0.178,0.084,0.093,0.093,0.092,0.093,0.094,0.094,0.094,0.271,0.267,0.281,0.253,0.088,0.094,0.093,0.095,0.094,0.096,0.09,0.091,0.289,0.295,0.297,0.292,0.087,0.092,0.098,0.093,0.092,0.092,0.097,0.091
6:19:10,0.454,0.47,0.433,0.465,0.084,0.093,0.091,0.092,0.092,0.09,0.095,0.091,1.053,1.051,1.042,1.047,0.086,0.093,0.094,0.094,0.091,0.092,0.091,0.09,0.719,0.681,0.686,0.689,0.087,0.092,0.09,0.093,0.094,0.098,0.096,0.09,0.723,0.721,0.736,0.726,0.083,0.091,0.09,0.092,0.091,0.094,0.092,0.094,0.236,0.243,0.226,0.225,0.086,0.092,0.09,0.089,0.093,0.094,0.091,0.094,0.185,0.179,0.183,0.179,0.085,0.093,0.093,0.092,0.093,0.094,0.094,0.094,0.278,0.271,0.28,0.255,0.088,0.094,0.093,0.095,0.094,0.096,0.09,0.091,0.296,0.299,0.303,0.298,0.087,0.092,0.098,0.093,0.092,0.093,0.097,0.091
6:29:10,0.479,0.495,0.457,0.491,0.084,0.093,0.091,0.092,0.092,0.09,0.095,0.091,1.103,1.099,1.09,1.093,0.086,0.093,0.094,0.094,0.091,0.092,0.091,0.09,0.754,0.713,0.72,0.722,0.088,0.091,0.09,0.093,0.094,0.098,0.096,0.09,0.761,0.759,0.775,0.767,0.083,0.091,0.09,0.092,0.091,0.094,0.092,0.094,0.24,0.246,0.228,0.228,0.087,0.092,0.09,0.089,0.093,0.094,0.091,0.094,0.186,0.18,0.184,0.179,0.085,0.093,0.093,0.092,0.093,0.094,0.094,0.094,0.279,0.275,0.285,0.258,0.089,0.095,0.093,0.095,0.094,0.096,0.09,0.091,0.302,0.307,0.308,0.303,0.087,0.092,0.098,0.093,0.092,0.092,0.097,0.091
6:39:10,0.506,0.521,0.483,0.518,0.084,0.093,0.091,0.092,0.092,0.09,0.095,0.091,1.153,1.146,1.139,1.142,0.086,0.093,0.094,0.094,0.091,0.092,0.091,0.09,0.784,0.744,0.752,0.756,0.088,0.092,0.09,0.093,0.093,0.098,0.096,0.09,0.797,0.796,0.816,0.806,0.083,0.091,0.09,0.092,0.091,0.094,0.092,0.094,0.243,0.249,0.231,0.231,0.087,0.092,0.09,0.089,0.093,0.094,0.091,0.094,0.187,0.183,0.184,0.18,0.085,0.093,0.093,0.092,0.093,0.094,0.094,0.094,0.286,0.277,0.285,0.26,0.088,0.095,0.093,0.095,0.095,0.096,0.09,0.091,0.309,0.312,0.314,0.309,0.087,0.092,0.098,0.093,0.092,0.093,0.097,0.091
6:49:10,0.533,0.549,0.509,0.547,0.084,0.093,0.091,0.092,0.092,0.09,0.095,0.091,1.204,1.194,1.194,1.189,0.086,0.093,0.094,0.094,0.091,0.092,0.091,0.09,0.819,0.779,0.787,0.79,0.088,0.092,0.09,0.093,0.094,0.098,0.096,0.09,0.838,0.836,0.854,0.846,0.083,0.091,0.09,0.092,0.091,0.094,0.092,0.094,0.245,0.25,0.234,0.234,0.087,0.092,0.09,0.089,0.093,0.094,0.091,0.094,0.188,0.183,0.185,0.181,0.085,0.093,0.093,0.092,0.093,0.094,0.094,0.094,0.289,0.282,0.291,0.262,0.088,0.094,0.093,0.095,0.094,0.096,0.09,0.091,0.313,0.317,0.318,0.314,0.087,0.092,0.098,0.093,0.092,0.092,0.097,0.091
6:59:10,0.563,0.578,0.536,0.576,0.084,0.093,0.092,0.092,0.092,0.09,0.095,0.091,1.252,1.243,1.252,1.236,0.086,0.093,0.094,0.094,0.091,0.092,0.091,0.09,0.853,0.816,0.824,0.825,0.088,0.092,0.09,0.093,0.094,0.098,0.096,0.09,0.879,0.877,0.894,0.885,0.083,0.091,0.09,0.092,0.091,0.094,0.092,0.096,0.249,0.256,0.236,0.236,0.087,0.092,0.09,0.089,0.093,0.094,0.091,0.095,0.189,0.183,0.186,0.181,0.085,0.093,0.093,0.092,0.093,0.094,0.094,0.094,0.29,0.283,0.291,0.264,0.089,0.095,0.093,0.095,0.095,0.096,0.09,0.091,0.321,0.325,0.324,0.32,0.087,0.092,0.098,0.093,0.092,0.093,0.097,0.091
7:09:10,0.592,0.609,0.564,0.605,0.084,0.093,0.091,0.092,0.092,0.09,0.095,0.091,1.3,1.294,1.301,1.284,0.086,0.093,0.094,0.094,0.091,0.092,0.091,0.09,0.891,0.847,0.863,0.864,0.088,0.092,0.09,0.093,0.093,0.098,0.096,0.09,0.917,0.915,0.933,0.925,0.083,0.091,0.09,0.092,0.091,0.094,0.092,0.096,0.252,0.258,0.239,0.239,0.087,0.092,0.09,0.089,0.092,0.094,0.091,0.095,0.19,0.185,0.187,0.182,0.085,0.093,0.093,0.092,0.093,0.094,0.094,0.094,0.288,0.282,0.299,0.268,0.089,0.094,0.093,0.095,0.094,0.096,0.09,0.091,0.325,0.329,0.329,0.326,0.087,0.092,0.098,0.093,0.092,0.093,0.097,0.091
7:19:10,0.622,0.639,0.594,0.637,0.084,0.093,0.091,0.092,0.092,0.09,0.095,0.091,1.35,1.339,1.354,1.331,0.086,0.093,0.094,0.094,0.091,0.092,0.091,0.09,0.925,0.886,0.9,0.9,0.088,0.092,0.09,0.093,0.093,0.098,0.096,0.09,0.957,0.953,0.971,0.964,0.083,0.091,0.09,0.092,0.091,0.094,0.092,0.096,0.254,0.26,0.241,0.242,0.087,0.092,0.09,0.089,0.093,0.094,0.091,0.094,0.19,0.184,0.187,0.183,0.085,0.093,0.093,0.092,0.093,0.094,0.094,0.094,0.292,0.283,0.304,0.27,0.089,0.094,0.093,0.095,0.094,0.096,0.09,0.091,0.329,0.337,0.334,0.332,0.087,0.092,0.098,0.093,0.092,0.093,0.097,0.091
7:29:10,0.654,0.671,0.624,0.67,0.083,0.093,0.092,0.092,0.092,0.09,0.095,0.091,1.397,1.384,1.402,1.381,0.086,0.093,0.094,0.094,0.091,0.092,0.091,0.09,0.964,0.922,0.937,0.936,0.088,0.092,0.09,0.093,0.094,0.098,0.096,0.09,0.997,0.991,1.008,1.002,0.083,0.091,0.09,0.092,0.091,0.094,0.092,0.096,0.257,0.264,0.244,0.244,0.087,0.092,0.09,0.089,0.093,0.094,0.091,0.095,0.19,0.184,0.188,0.184,0.085,0.093,0.093,0.092,0.093,0.094,0.094,0.094,0.292,0.29,0.306,0.271,0.088,0.094,0.093,0.095,0.094,0.096,0.09,0.091,0.335,0.341,0.341,0.337,0.087,0.092,0.098,0.093,0.092,0.093,0.097,0.091
7:39:10,0.685,0.702,0.655,0.703,0.083,0.093,0.092,0.092,0.092,0.09,0.095,0.091,1.444,1.43,1.446,1.426,0.086,0.093,0.094,0.094,0.091,0.092,0.091,0.09,1,0.96,0.973,0.97,0.088,0.092,0.09,0.093,0.094,0.098,0.096,0.09,1.037,1.026,1.045,1.04,0.083,0.091,0.09,0.092,0.091,0.094,0.092,0.096,0.259,0.265,0.246,0.246,0.087,0.092,0.09,0.089,0.093,0.094,0.091,0.095,0.191,0.187,0.189,0.184,0.084,0.093,0.093,0.092,0.093,0.094,0.094,0.094,0.299,0.29,0.308,0.275,0.088,0.095,0.093,0.095,0.094,0.096,0.09,0.091,0.342,0.345,0.344,0.342,0.087,0.092,0.098,0.093,0.092,0.093,0.097,0.091
7:49:10,0.717,0.736,0.687,0.736,0.084,0.093,0.092,0.092,0.092,0.09,0.095,0.091,1.488,1.478,1.49,1.471,0.086,0.093,0.094,0.094,0.091,0.092,0.091,0.09,1.038,0.995,1.014,1.004,0.088,0.092,0.09,0.093,0.094,0.098,0.096,0.09,1.072,1.061,1.081,1.073,0.083,0.091,0.09,0.092,0.091,0.094,0.092,0.096,0.263,0.267,0.248,0.249,0.087,0.092,0.09,0.089,0.092,0.094,0.091,0.095,0.192,0.185,0.19,0.185,0.085,0.093,0.093,0.092,0.093,0.094,0.094,0.094,0.304,0.298,0.309,0.276,0.089,0.094,0.093,0.095,0.094,0.096,0.09,0.091,0.347,0.354,0.351,0.347,0.087,0.092,0.098,0.093,0.092,0.093,0.097,0.091
7:59:10,0.752,0.769,0.722,0.77,0.084,0.093,0.092,0.092,0.092,0.09,0.095,0.091,1.527,1.525,1.532,1.528,0.086,0.093,0.094,0.094,0.091,0.092,0.091,0.09,1.074,1.03,1.049,1.041,0.088,0.092,0.09,0.093,0.094,0.098,0.096,0.09,1.11,1.097,1.117,1.108,0.083,0.091,0.09,0.092,0.091,0.094,0.092,0.096,0.266,0.27,0.251,0.252,0.087,0.092,0.09,0.089,0.093,0.094,0.091,0.095,0.193,0.186,0.19,0.185,0.085,0.093,0.093,0.092,0.093,0.094,0.094,0.094,0.302,0.295,0.309,0.278,0.089,0.095,0.093,0.095,0.094,0.096,0.09,0.091,0.351,0.356,0.357,0.352,0.087,0.092,0.098,0.093,0.092,0.093,0.097,0.091
8:09:10,0.786,0.804,0.756,0.808,0.083,0.093,0.091,0.092,0.092,0.09,0.095,0.091,1.565,1.565,1.571,1.576,0.086,0.093,0.094,0.094,0.091,0.092,0.091,0.09,1.111,1.07,1.086,1.082,0.088,0.091,0.09,0.093,0.094,0.098,0.096,0.09,1.146,1.131,1.148,1.142,0.083,0.091,0.09,0.092,0.091,0.094,0.092,0.096,0.268,0.272,0.254,0.254,0.087,0.092,0.09,0.089,0.092,0.094,0.091,0.095,0.193,0.188,0.191,0.185,0.084,0.093,0.093,0.092,0.093,0.094,0.094,0.094,0.308,0.299,0.315,0.281,0.089,0.095,0.093,0.095,0.094,0.096,0.09,0.091,0.357,0.364,0.362,0.358,0.087,0.092,0.098,0.093,0.092,0.092,0.097,0.091
8:19:10,0.822,0.842,0.792,0.844,0.083,0.093,0.092,0.092,0.092,0.09,0.095,0.091,1.599,1.604,1.611,1.615,0.086,0.093,0.094,0.094,0.091,0.092,0.091,0.09,1.147,1.111,1.126,1.12,0.088,0.092,0.09,0.093,0.094,0.098,0.096,0.09,1.181,1.163,1.182,1.175,0.083,0.091,0.09,0.092,0.091,0.094,0.092,0.096,0.27,0.274,0.255,0.256,0.087,0.092,0.09,0.089,0.092,0.094,0.091,0.095,0.194,0.188,0.191,0.186,0.085,0.093,0.093,0.092,0.093,0.094,0.094,0.094,0.314,0.304,0.314,0.282,0.089,0.095,0.093,0.095,0.094,0.096,0.09,0.091,0.363,0.366,0.367,0.364,0.087,0.092,0.098,0.093,0.092,0.093,0.097,0.091
8:29:10,0.858,0.879,0.828,0.879,0.084,0.093,0.092,0.092,0.092,0.09,0.095,0.091,1.631,1.634,1.641,1.652,0.086,0.093,0.094,0.094,0.091,0.092,0.091,0.09,1.181,1.139,1.161,1.153,0.088,0.092,0.09,0.093,0.094,0.098,0.096,0.09,1.215,1.197,1.214,1.206,0.083,0.091,0.09,0.092,0.091,0.094,0.092,0.096,0.274,0.277,0.259,0.259,0.087,0.092,0.09,0.089,0.093,0.094,0.091,0.095,0.194,0.188,0.192,0.186,0.085,0.093,0.093,0.092,0.093,0.094,0.094,0.094,0.311,0.298,0.321,0.286,0.089,0.095,0.093,0.095,0.094,0.096,0.09,0.091,0.368,0.375,0.372,0.368,0.087,0.092,0.098,0.093,0.092,0.093,0.097,0.091
8:39:10,0.893,0.914,0.868,0.915,0.083,0.093,0.092,0.092,0.092,0.09,0.095,0.091,1.656,1.661,1.669,1.681,0.086,0.093,0.094,0.094,0.091,0.092,0.091,0.09,1.212,1.177,1.196,1.187,0.088,0.092,0.09,0.093,0.094,0.098,0.096,0.09,1.247,1.225,1.245,1.238,0.083,0.091,0.09,0.092,0.091,0.094,0.092,0.096,0.276,0.28,0.261,0.263,0.087,0.092,0.09,0.089,0.093,0.094,0.091,0.095,0.195,0.189,0.192,0.187,0.084,0.093,0.093,0.092,0.093,0.094,0.094,0.094,0.316,0.304,0.32,0.288,0.088,0.095,0.093,0.095,0.094,0.096,0.09,0.091,0.373,0.378,0.376,0.373,0.087,0.092,0.098,0.093,0.092,0.093,0.097,0.091
8:49:10,0.929,0.949,0.905,0.953,0.083,0.093,0.092,0.092,0.092,0.09,0.095,0.091,1.681,1.684,1.692,1.709,0.086,0.093,0.094,0.094,0.091,0.092,0.091,0.09,1.243,1.208,1.231,1.217,0.088,0.091,0.09,0.093,0.093,0.098,0.096,0.09,1.279,1.255,1.272,1.265,0.083,0.091,0.09,0.092,0.091,0.094,0.092,0.096,0.278,0.281,0.263,0.264,0.087,0.092,0.09,0.089,0.093,0.094,0.091,0.095,0.195,0.188,0.192,0.187,0.085,0.093,0.093,0.092,0.093,0.094,0.094,0.094,0.327,0.307,0.317,0.29,0.089,0.095,0.093,0.095,0.094,0.096,0.09,0.091,0.379,0.385,0.383,0.378,0.087,0.092,0.098,0.093,0.092,0.092,0.097,0.091
8:59:10,0.965,0.986,0.94,0.989,0.084,0.093,0.092,0.092,0.092,0.09,0.095,0.091,1.701,1.705,1.713,1.73,0.087,0.093,0.094,0.094,0.091,0.092,0.091,0.09,1.273,1.236,1.261,1.248,0.088,0.092,0.09,0.093,0.094,0.098,0.096,0.09,1.309,1.284,1.301,1.296,0.083,0.091,0.09,0.092,0.091,0.094,0.092,0.096,0.281,0.284,0.266,0.265,0.087,0.092,0.09,0.089,0.093,0.094,0.091,0.095,0.196,0.19,0.193,0.188,0.085,0.093,0.093,0.092,0.093,0.094,0.094,0.094,0.317,0.305,0.326,0.292,0.089,0.095,0.093,0.095,0.094,0.096,0.09,0.091,0.384,0.39,0.388,0.384,0.087,0.092,0.098,0.093,0.092,0.093,0.097,0.091
9:09:10,1.002,1.022,0.98,1.027,0.083,0.093,0.092,0.092,0.092,0.09,0.095,0.091,1.721,1.722,1.731,1.752,0.086,0.093,0.094,0.094,0.091,0.092,0.091,0.09,1.3,1.265,1.291,1.278,0.088,0.092,0.09,0.093,0.094,0.098,0.096,0.09,1.34,1.313,1.33,1.325,0.083,0.091,0.09,0.092,0.091,0.094,0.092,0.096,0.283,0.287,0.268,0.268,0.086,0.092,0.09,0.089,0.092,0.094,0.091,0.095,0.198,0.189,0.194,0.188,0.085,0.093,0.093,0.092,0.093,0.094,0.094,0.094,0.32,0.308,0.328,0.291,0.088,0.095,0.093,0.095,0.094,0.096,0.09,0.091,0.389,0.393,0.391,0.388,0.087,0.092,0.098,0.093,0.092,0.093,0.097,0.091
9:19:10,1.037,1.058,1.014,1.062,0.083,0.093,0.091,0.092,0.092,0.09,0.095,0.091,1.737,1.74,1.75,1.772,0.086,0.093,0.094,0.094,0.091,0.092,0.091,0.09,1.325,1.293,1.32,1.304,0.088,0.091,0.09,0.092,0.093,0.098,0.096,0.09,1.368,1.351,1.357,1.351,0.083,0.091,0.09,0.092,0.091,0.094,0.092,0.096,0.285,0.289,0.27,0.271,0.087,0.092,0.09,0.089,0.092,0.094,0.091,0.094,0.198,0.19,0.195,0.189,0.084,0.093,0.093,0.092,0.093,0.094,0.094,0.094,0.328,0.313,0.328,0.296,0.089,0.095,0.093,0.095,0.094,0.096,0.09,0.091,0.393,0.398,0.394,0.391,0.087,0.092,0.098,0.093,0.092,0.092,0.097,0.091
9:29:10,1.079,1.094,1.051,1.097,0.083,0.093,0.091,0.092,0.092,0.09,0.095,0.091,1.754,1.755,1.766,1.788,0.086,0.093,0.094,0.093,0.091,0.092,0.091,0.09,1.351,1.321,1.346,1.33,0.088,0.092,0.09,0.093,0.093,0.098,0.096,0.09,1.395,1.378,1.383,1.378,0.083,0.091,0.09,0.092,0.091,0.094,0.092,0.096,0.288,0.29,0.273,0.273,0.087,0.092,0.09,0.089,0.093,0.094,0.091,0.094,0.197,0.191,0.195,0.188,0.085,0.093,0.093,0.092,0.093,0.094,0.094,0.094,0.331,0.316,0.328,0.298,0.088,0.095,0.093,0.095,0.094,0.096,0.09,0.091,0.398,0.4,0.4,0.397,0.086,0.092,0.098,0.093,0.092,0.092,0.097,0.091
9:39:10,1.113,1.127,1.086,1.132,0.083,0.093,0.091,0.092,0.092,0.09,0.095,0.091,1.769,1.771,1.779,1.799,0.086,0.093,0.094,0.094,0.091,0.092,0.091,0.09,1.372,1.344,1.367,1.353,0.088,0.091,0.09,0.093,0.094,0.098,0.096,0.09,1.423,1.405,1.421,1.404,0.083,0.091,0.09,0.092,0.091,0.094,0.092,0.096,0.29,0.294,0.273,0.276,0.087,0.092,0.09,0.089,0.093,0.094,0.091,0.095,0.199,0.19,0.196,0.19,0.085,0.093,0.093,0.092,0.093,0.094,0.094,0.094,0.333,0.313,0.329,0.3,0.089,0.095,0.093,0.095,0.094,0.096,0.09,0.091,0.403,0.404,0.406,0.401,0.087,0.092,0.098,0.093,0.092,0.093,0.097,0.091
9:49:10,1.148,1.163,1.122,1.167,0.083,0.093,0.092,0.092,0.092,0.09,0.095,0.091,1.782,1.784,1.796,1.815,0.086,0.093,0.094,0.094,0.091,0.092,0.091,0.09,1.395,1.364,1.392,1.379,0.088,0.091,0.09,0.093,0.093,0.098,0.096,0.09,1.449,1.429,1.448,1.428,0.083,0.091,0.09,0.092,0.091,0.094,0.092,0.096,0.292,0.294,0.275,0.277,0.087,0.092,0.09,0.089,0.093,0.094,0.091,0.095,0.199,0.191,0.196,0.19,0.085,0.093,0.093,0.092,0.093,0.094,0.094,0.094,0.338,0.311,0.336,0.303,0.089,0.095,0.093,0.095,0.094,0.096,0.09,0.091,0.408,0.41,0.408,0.404,0.087,0.092,0.098,0.093,0.092,0.093,0.097,0.091
9:59:10,1.181,1.197,1.157,1.201,0.083,0.093,0.092,0.092,0.092,0.09,0.095,0.091,1.794,1.794,1.806,1.826,0.087,0.093,0.094,0.094,0.091,0.092,0.091,0.09,1.416,1.39,1.413,1.399,0.088,0.092,0.09,0.093,0.094,0.098,0.096,0.09,1.474,1.457,1.476,1.451,0.083,0.091,0.09,0.092,0.091,0.094,0.092,0.096,0.294,0.297,0.276,0.279,0.087,0.092,0.09,0.089,0.092,0.094,0.091,0.095,0.199,0.19,0.196,0.19,0.085,0.093,0.093,0.092,0.093,0.094,0.094,0.094,0.33,0.311,0.341,0.302,0.088,0.095,0.093,0.095,0.094,0.096,0.09,0.091,0.414,0.414,0.414,0.406,0.086,0.092,0.098,0.093,0.092,0.093,0.097,0.091
10:09:10,1.215,1.23,1.19,1.233,0.083,0.093,0.091,0.092,0.092,0.09,0.095,0.091,1.806,1.805,1.818,1.841,0.087,0.093,0.094,0.094,0.091,0.092,0.091,0.09,1.435,1.41,1.437,1.422,0.088,0.092,0.09,0.093,0.094,0.098,0.096,0.09,1.498,1.479,1.499,1.474,0.083,0.091,0.09,0.092,0.091,0.094,0.092,0.096,0.297,0.3,0.28,0.281,0.087,0.092,0.09,0.089,0.093,0.094,0.091,0.095,0.2,0.191,0.195,0.191,0.085,0.093,0.093,0.092,0.093,0.094,0.094,0.094,0.34,0.31,0.34,0.305,0.089,0.095,0.093,0.095,0.094,0.096,0.09,0.091,0.417,0.42,0.416,0.412,0.087,0.092,0.098,0.093,0.092,0.093,0.097,0.091
10:19:10,1.243,1.261,1.221,1.262,0.083,0.093,0.091,0.092,0.092,0.09,0.095,0.091,1.816,1.815,1.829,1.851,0.086,0.093,0.094,0.094,0.091,0.092,0.091,0.09,1.455,1.43,1.456,1.44,0.088,0.091,0.09,0.092,0.093,0.098,0.096,0.09,1.518,1.503,1.523,1.506,0.083,0.091,0.09,0.092,0.091,0.094,0.092,0.096,0.299,0.301,0.283,0.281,0.087,0.092,0.09,0.089,0.092,0.094,0.091,0.094,0.2,0.194,0.196,0.191,0.085,0.093,0.093,0.092,0.093,0.094,0.094,0.094,0.334,0.313,0.331,0.307,0.087,0.095,0.093,0.095,0.094,0.096,0.09,0.091,0.42,0.422,0.423,0.415,0.086,0.092,0.098,0.093,0.092,0.092,0.097,0.091
10:29:10,1.274,1.29,1.252,1.291,0.083,0.093,0.092,0.092,0.092,0.09,0.095,0.091,1.827,1.825,1.838,1.86,0.087,0.093,0.094,0.094,0.091,0.092,0.091,0.09,1.473,1.447,1.475,1.459,0.088,0.092,0.09,0.093,0.094,0.098,0.096,0.09,1.54,1.525,1.545,1.528,0.083,0.091,0.09,0.092,0.091,0.094,0.092,0.096,0.301,0.303,0.284,0.285,0.087,0.092,0.09,0.089,0.093,0.094,0.091,0.095,0.201,0.193,0.197,0.192,0.085,0.093,0.093,0.092,0.093,0.094,0.094,0.094,0.343,0.32,0.33,0.307,0.088,0.095,0.093,0.095,0.094,0.096,0.09,0.091,0.424,0.426,0.424,0.421,0.087,0.092,0.098,0.093,0.092,0.093,0.097,0.091
10:39:10,1.303,1.317,1.279,1.318,0.083,0.093,0.092,0.092,0.092,0.09,0.095,0.091,1.835,1.833,1.848,1.871,0.087,0.093,0.094,0.094,0.091,0.092,0.091,0.09,1.487,1.463,1.494,1.479,0.088,0.092,0.09,0.093,0.094,0.098,0.096,0.09,1.559,1.544,1.564,1.55,0.083,0.091,0.09,0.092,0.091,0.094,0.092,0.096,0.303,0.305,0.287,0.287,0.086,0.092,0.09,0.089,0.093,0.094,0.091,0.095,0.201,0.193,0.197,0.192,0.085,0.093,0.093,0.092,0.093,0.094,0.094,0.094,0.341,0.322,0.34,0.31,0.089,0.095,0.093,0.095,0.094,0.096,0.09,0.091,0.43,0.432,0.428,0.424,0.087,0.092,0.098,0.093,0.092,0.093,0.097,0.091
10:49:10,1.33,1.34,1.305,1.343,0.083,0.093,0.092,0.092,0.092,0.09,0.095,0.091,1.843,1.843,1.857,1.877,0.087,0.093,0.094,0.094,0.091,0.092,0.091,0.09,1.505,1.481,1.508,1.496,0.088,0.091,0.09,0.093,0.093,0.098,0.096,0.09,1.577,1.564,1.581,1.567,0.083,0.091,0.09,0.092,0.091,0.094,0.092,0.096,0.305,0.307,0.289,0.29,0.087,0.092,0.09,0.089,0.092,0.094,0.091,0.095,0.202,0.192,0.198,0.193,0.085,0.093,0.093,0.092,0.093,0.094,0.094,0.094,0.346,0.333,0.336,0.312,0.089,0.095,0.093,0.095,0.094,0.096,0.09,0.091,0.434,0.433,0.429,0.427,0.087,0.092,0.098,0.093,0.092,0.092,0.097,0.091
10:59:10,1.353,1.365,1.332,1.367,0.083,0.093,0.091,0.092,0.092,0.09,0.095,0.091,1.851,1.849,1.863,1.886,0.087,0.093,0.094,0.094,0.091,0.092,0.091,0.09,1.521,1.499,1.525,1.515,0.088,0.091,0.09,0.092,0.094,0.098,0.096,0.09,1.594,1.585,1.599,1.589,0.083,0.091,0.09,0.092,0.091,0.094,0.092,0.096,0.305,0.309,0.291,0.291,0.087,0.092,0.09,0.089,0.092,0.094,0.091,0.094,0.202,0.193,0.197,0.192,0.085,0.093,0.093,0.092,0.093,0.094,0.094,0.094,0.349,0.327,0.344,0.31,0.088,0.095,0.093,0.095,0.094,0.096,0.09,0.091,0.438,0.437,0.436,0.432,0.087,0.092,0.098,0.093,0.092,0.092,0.097,0.091
11:09:10,1.374,1.386,1.355,1.39,0.083,0.093,0.091,0.092,0.092,0.09,0.095,0.091,1.858,1.854,1.871,1.892,0.087,0.093,0.094,0.094,0.091,0.092,0.091,0.09,1.535,1.512,1.541,1.53,0.088,0.091,0.09,0.093,0.093,0.098,0.096,0.09,1.611,1.595,1.615,1.604,0.083,0.091,0.09,0.092,0.091,0.094,0.092,0.096,0.308,0.31,0.291,0.293,0.087,0.092,0.09,0.089,0.093,0.094,0.091,0.095,0.202,0.194,0.198,0.192,0.085,0.093,0.093,0.092,0.093,0.094,0.094,0.094,0.349,0.322,0.351,0.313,0.089,0.095,0.093,0.095,0.094,0.096,0.09,0.091,0.443,0.444,0.44,0.438,0.087,0.092,0.098,0.093,0.092,0.093,0.097,0.091
11:19:10,1.393,1.406,1.377,1.409,0.083,0.093,0.092,0.092,0.092,0.09,0.095,0.091,1.865,1.864,1.877,1.897,0.087,0.093,0.094,0.094,0.091,0.092,0.091,0.09,1.55,1.528,1.555,1.547,0.088,0.092,0.09,0.093,0.094,0.098,0.096,0.09,1.628,1.615,1.632,1.621,0.083,0.091,0.09,0.092,0.091,0.094,0.092,0.096,0.31,0.312,0.295,0.294,0.087,0.092,0.09,0.089,0.093,0.094,0.091,0.095,0.204,0.194,0.198,0.193,0.085,0.093,0.093,0.092,0.093,0.094,0.094,0.094,0.354,0.331,0.346,0.315,0.089,0.095,0.093,0.095,0.094,0.096,0.09,0.091,0.446,0.447,0.446,0.44,0.087,0.092,0.098,0.093,0.092,0.092,0.097,0.091
11:29:10,1.412,1.422,1.393,1.427,0.083,0.093,0.091,0.092,0.092,0.09,0.095,0.091,1.87,1.869,1.884,1.903,0.087,0.093,0.094,0.094,0.091,0.092,0.091,0.09,1.564,1.542,1.567,1.561,0.088,0.091,0.09,0.093,0.094,0.098,0.096,0.09,1.641,1.623,1.646,1.637,0.083,0.091,0.09,0.092,0.091,0.094,0.092,0.096,0.312,0.315,0.296,0.297,0.087,0.092,0.09,0.089,0.093,0.094,0.091,0.095,0.204,0.195,0.198,0.194,0.085,0.093,0.093,0.092,0.093,0.094,0.094,0.094,0.347,0.329,0.353,0.316,0.089,0.095,0.093,0.095,0.094,0.096,0.09,0.091,0.45,0.455,0.447,0.445,0.087,0.092,0.098,0.093,0.092,0.092,0.097,0.091
11:39:10,1.427,1.437,1.411,1.444,0.083,0.093,0.092,0.092,0.092,0.09,0.095,0.091,1.875,1.875,1.889,1.905,0.087,0.093,0.094,0.094,0.091,0.092,0.091,0.09,1.575,1.554,1.58,1.576,0.088,0.092,0.09,0.093,0.094,0.098,0.096,0.09,1.656,1.647,1.66,1.653,0.083,0.091,0.09,0.092,0.091,0.094,0.092,0.096,0.315,0.316,0.298,0.297,0.087,0.092,0.09,0.089,0.093,0.094,0.091,0.095,0.205,0.196,0.199,0.193,0.085,0.093,0.093,0.092,0.093,0.094,0.094,0.094,0.357,0.319,0.351,0.319,0.089,0.095,0.093,0.095,0.094,0.096,0.09,0.091,0.455,0.457,0.452,0.45,0.087,0.092,0.098,0.093,0.092,0.093,0.097,0.091
11:49:10,1.44,1.451,1.425,1.456,0.083,0.093,0.092,0.092,0.092,0.09,0.095,0.091,1.881,1.88,1.893,1.91,0.087,0.093,0.094,0.094,0.091,0.092,0.091,0.09,1.586,1.565,1.592,1.589,0.088,0.092,0.09,0.093,0.094,0.098,0.096,0.09,1.67,1.656,1.675,1.669,0.083,0.091,0.09,0.092,0.091,0.094,0.092,0.096,0.316,0.316,0.299,0.299,0.087,0.092,0.09,0.089,0.092,0.094,0.091,0.095,0.204,0.196,0.2,0.194,0.085,0.093,0.093,0.092,0.093,0.094,0.094,0.094,0.349,0.33,0.352,0.317,0.088,0.095,0.093,0.095,0.094,0.096,0.09,0.091,0.458,0.462,0.454,0.453,0.088,0.092,0.098,0.093,0.092,0.093,0.097,0.091
11:59:10,1.454,1.464,1.44,1.471,0.083,0.093,0.092,0.092,0.092,0.09,0.095,0.091,1.886,1.885,1.897,1.912,0.087,0.093,0.094,0.094,0.091,0.092,0.091,0.09,1.594,1.578,1.603,1.601,0.088,0.092,0.09,0.093,0.094,0.098,0.096,0.09,1.684,1.668,1.686,1.68,0.083,0.091,0.09,0.092,0.091,0.094,0.092,0.096,0.316,0.319,0.302,0.301,0.087,0.092,0.09,0.089,0.093,0.094,0.091,0.095,0.206,0.194,0.2,0.194,0.085,0.093,0.093,0.092,0.093,0.094,0.094,0.094,0.359,0.334,0.349,0.319,0.089,0.095,0.093,0.095,0.094,0.096,0.09,0.091,0.462,0.464,0.458,0.458,0.087,0.092,0.098,0.093,0.092,0.093,0.097,0.091
12:09:10,1.466,1.475,1.452,1.482,0.083,0.093,0.092,0.092,0.092,0.09,0.096,0.091,1.89,1.888,1.901,1.915,0.087,0.093,0.094,0.094,0.091,0.092,0.091,0.09,1.603,1.587,1.615,1.611,0.088,0.092,0.09,0.093,0.094,0.098,0.096,0.09,1.697,1.681,1.698,1.696,0.083,0.091,0.09,0.092,0.091,0.094,0.092,0.096,0.317,0.32,0.301,0.303,0.087,0.092,0.09,0.089,0.093,0.094,0.091,0.095,0.205,0.197,0.2,0.194,0.085,0.093,0.093,0.092,0.093,0.094,0.094,0.094,0.349,0.333,0.347,0.32,0.089,0.095,0.093,0.095,0.094,0.096,0.09,0.091,0.466,0.469,0.465,0.461,0.087,0.092,0.098,0.093,0.092,0.092,0.097,0.091
12:19:10,1.475,1.484,1.462,1.492,0.084,0.093,0.092,0.092,0.092,0.09,0.095,0.091,1.893,1.893,1.904,1.917,0.087,0.093,0.094,0.094,0.091,0.092,0.091,0.09,1.613,1.597,1.623,1.621,0.088,0.091,0.09,0.093,0.094,0.098,0.096,0.09,1.708,1.696,1.71,1.703,0.083,0.091,0.09,0.092,0.091,0.094,0.092,0.096,0.321,0.322,0.303,0.305,0.088,0.092,0.09,0.089,0.093,0.094,0.091,0.095,0.206,0.195,0.2,0.195,0.085,0.093,0.093,0.092,0.093,0.094,0.094,0.094,0.366,0.334,0.364,0.322,0.089,0.095,0.093,0.095,0.094,0.096,0.09,0.091,0.47,0.473,0.469,0.463,0.087,0.092,0.098,0.093,0.092,0.093,0.097,0.091
12:29:10,1.485,1.493,1.473,1.502,0.083,0.093,0.092,0.092,0.092,0.09,0.095,0.091,1.896,1.895,1.907,1.917,0.087,0.093,0.094,0.094,0.091,0.092,0.091,0.09,1.62,1.604,1.631,1.631,0.088,0.091,0.09,0.092,0.093,0.098,0.096,0.09,1.72,1.71,1.72,1.714,0.083,0.091,0.09,0.092,0.091,0.094,0.092,0.096,0.323,0.324,0.303,0.306,0.087,0.092,0.09,0.089,0.093,0.094,0.091,0.094,0.207,0.196,0.201,0.195,0.085,0.093,0.093,0.092,0.093,0.094,0.094,0.094,0.363,0.32,0.353,0.325,0.088,0.095,0.093,0.095,0.094,0.096,0.09,0.091,0.473,0.473,0.471,0.467,0.087,0.092,0.098,0.093,0.092,0.092,0.097,0.091
12:39:10,1.494,1.501,1.482,1.512,0.084,0.093,0.092,0.092,0.092,0.09,0.095,0.091,1.899,1.898,1.909,1.918,0.087,0.093,0.094,0.094,0.091,0.092,0.091,0.09,1.626,1.611,1.636,1.64,0.088,0.092,0.09,0.093,0.094,0.098,0.096,0.09,1.73,1.714,1.73,1.727,0.084,0.091,0.09,0.092,0.091,0.094,0.092,0.096,0.324,0.324,0.307,0.307,0.087,0.092,0.09,0.089,0.093,0.094,0.091,0.095,0.207,0.197,0.201,0.195,0.085,0.093,0.093,0.092,0.093,0.094,0.094,0.094,0.333,0.334,0.339,0.326,0.089,0.095,0.093,0.095,0.094,0.096,0.09,0.091,0.476,0.483,0.476,0.473,0.087,0.092,0.098,0.093,0.092,0.092,0.097,0.091
12:49:10,1.502,1.51,1.492,1.519,0.083,0.093,0.092,0.092,0.092,0.09,0.095,0.091,1.9,1.901,1.912,1.919,0.087,0.093,0.094,0.094,0.091,0.092,0.091,0.09,1.629,1.619,1.643,1.647,0.088,0.092,0.09,0.093,0.094,0.098,0.096,0.09,1.74,1.726,1.74,1.739,0.083,0.091,0.09,0.092,0.091,0.094,0.092,0.096,0.322,0.326,0.307,0.309,0.086,0.092,0.09,0.089,0.093,0.094,0.091,0.095,0.206,0.197,0.201,0.196,0.085,0.093,0.093,0.092,0.093,0.094,0.094,0.094,0.343,0.322,0.351,0.327,0.088,0.095,0.093,0.095,0.094,0.096,0.09,0.091,0.481,0.485,0.477,0.475,0.086,0.092,0.098,0.093,0.092,0.093,0.097,0.091
12:59:10,1.51,1.517,1.499,1.526,0.083,0.093,0.092,0.092,0.092,0.09,0.095,0.091,1.901,1.902,1.913,1.92,0.087,0.093,0.094,0.094,0.091,0.092,0.091,0.09,1.633,1.623,1.649,1.655,0.088,0.091,0.09,0.092,0.094,0.098,0.096,0.09,1.751,1.732,1.75,1.745,0.083,0.091,0.09,0.092,0.091,0.094,0.092,0.096,0.327,0.327,0.31,0.309,0.087,0.092,0.09,0.089,0.093,0.094,0.091,0.095,0.208,0.198,0.203,0.195,0.085,0.093,0.093,0.092,0.093,0.094,0.094,0.094,0.336,0.338,0.358,0.329,0.088,0.095,0.093,0.095,0.094,0.096,0.09,0.091,0.483,0.485,0.481,0.479,0.086,0.092,0.098,0.093,0.092,0.093,0.097,0.091
13:09:10,1.516,1.523,1.506,1.533,0.083,0.093,0.092,0.092,0.092,0.09,0.095,0.091,1.904,1.904,1.915,1.92,0.087,0.093,0.094,0.094,0.091,0.092,0.091,0.09,1.638,1.629,1.649,1.661,0.088,0.091,0.09,0.093,0.094,0.098,0.096,0.09,1.764,1.747,1.76,1.755,0.083,0.091,0.09,0.092,0.091,0.094,0.092,0.096,0.33,0.329,0.309,0.312,0.086,0.092,0.09,0.089,0.093,0.094,0.091,0.095,0.208,0.197,0.202,0.196,0.085,0.093,0.093,0.092,0.093,0.094,0.094,0.094,0.349,0.348,0.351,0.324,0.088,0.095,0.093,0.095,0.094,0.096,0.09,0.091,0.487,0.492,0.483,0.483,0.087,0.092,0.098,0.093,0.092,0.092,0.097,0.091
13:19:10,1.521,1.527,1.511,1.538,0.083,0.093,0.092,0.092,0.092,0.09,0.095,0.091,1.904,1.905,1.916,1.921,0.087,0.093,0.094,0.094,0.091,0.092,0.091,0.09,1.639,1.63,1.655,1.667,0.088,0.092,0.09,0.093,0.094,0.098,0.096,0.09,1.77,1.752,1.768,1.768,0.083,0.091,0.09,0.092,0.091,0.094,0.092,0.096,0.331,0.331,0.312,0.313,0.087,0.092,0.09,0.089,0.093,0.094,0.091,0.095,0.209,0.198,0.202,0.197,0.085,0.093,0.093,0.092,0.093,0.094,0.094,0.094,0.338,0.343,0.358,0.331,0.089,0.095,0.093,0.095,0.095,0.096,0.09,0.091,0.49,0.497,0.49,0.486,0.086,0.092,0.098,0.093,0.092,0.093,0.097,0.091
13:29:10,1.526,1.531,1.516,1.542,0.083,0.093,0.092,0.092,0.092,0.09,0.095,0.091,1.904,1.907,1.917,1.921,0.087,0.093,0.094,0.094,0.091,0.092,0.091,0.09,1.639,1.631,1.656,1.671,0.088,0.091,0.09,0.093,0.094,0.098,0.096,0.09,1.779,1.761,1.778,1.776,0.083,0.091,0.09,0.092,0.091,0.094,0.092,0.096,0.329,0.331,0.313,0.311,0.086,0.092,0.09,0.089,0.093,0.094,0.091,0.095,0.209,0.199,0.201,0.196,0.085,0.093,0.093,0.092,0.093,0.094,0.094,0.094,0.343,0.327,0.355,0.332,0.088,0.095,0.093,0.095,0.094,0.096,0.09,0.091,0.493,0.498,0.492,0.489,0.086,0.092,0.098,0.093,0.092,0.093,0.097,0.091
13:39:10,1.529,1.534,1.519,1.545,0.084,0.093,0.092,0.092,0.092,0.09,0.095,0.091,1.905,1.908,1.917,1.92,0.087,0.093,0.094,0.094,0.091,0.092,0.091,0.09,1.641,1.633,1.659,1.675,0.088,0.092,0.09,0.093,0.094,0.098,0.096,0.09,1.788,1.769,1.786,1.781,0.083,0.091,0.09,0.092,0.091,0.094,0.092,0.096,0.33,0.333,0.315,0.314,0.087,0.092,0.09,0.089,0.093,0.094,0.091,0.095,0.209,0.2,0.202,0.197,0.085,0.093,0.093,0.092,0.093,0.094,0.094,0.094,0.368,0.355,0.366,0.328,0.088,0.095,0.093,0.095,0.094,0.096,0.09,0.091,0.497,0.5,0.494,0.493,0.087,0.092,0.098,0.093,0.092,0.093,0.097,0.091
13:49:10,1.532,1.538,1.522,1.547,0.084,0.093,0.092,0.092,0.092,0.09,0.095,0.091,1.906,1.908,1.917,1.92,0.087,0.093,0.094,0.094,0.091,0.092,0.091,0.09,1.64,1.634,1.659,1.678,0.088,0.092,0.09,0.093,0.094,0.098,0.097,0.09,1.796,1.778,1.794,1.792,0.084,0.091,0.09,0.092,0.091,0.094,0.092,0.096,0.333,0.336,0.318,0.316,0.087,0.092,0.09,0.089,0.093,0.094,0.091,0.095,0.21,0.198,0.203,0.197,0.085,0.093,0.093,0.092,0.093,0.094,0.094,0.094,0.378,0.342,0.368,0.332,0.088,0.095,0.093,0.095,0.094,0.096,0.09,0.091,0.499,0.507,0.497,0.494,0.086,0.092,0.098,0.093,0.092,0.093,0.097,0.091
13:59:10,1.534,1.539,1.524,1.549,0.084,0.093,0.092,0.092,0.092,0.09,0.095,0.091,1.906,1.908,1.917,1.919,0.087,0.093,0.094,0.094,0.091,0.092,0.091,0.09,1.641,1.635,1.661,1.681,0.088,0.091,0.09,0.092,0.094,0.098,0.096,0.09,1.803,1.785,1.801,1.796,0.083,0.091,0.09,0.092,0.091,0.094,0.092,0.096,0.334,0.337,0.319,0.318,0.087,0.092,0.09,0.089,0.093,0.094,0.091,0.095,0.21,0.199,0.204,0.198,0.085,0.093,0.093,0.092,0.093,0.094,0.094,0.094,0.367,0.35,0.368,0.33,0.088,0.095,0.093,0.095,0.094,0.096,0.09,0.091,0.502,0.506,0.501,0.499,0.086,0.092,0.098,0.093,0.092,0.092,0.097,0.091
14:09:10,1.536,1.541,1.526,1.551,0.084,0.093,0.092,0.092,0.092,0.09,0.095,0.091,1.906,1.908,1.917,1.919,0.087,0.093,0.094,0.094,0.091,0.092,0.091,0.09,1.641,1.635,1.661,1.682,0.088,0.092,0.09,0.093,0.094,0.098,0.096,0.09,1.811,1.793,1.807,1.803,0.084,0.091,0.09,0.092,0.091,0.094,0.092,0.096,0.337,0.337,0.321,0.319,0.087,0.092,0.09,0.089,0.093,0.094,0.091,0.095,0.21,0.2,0.204,0.198,0.085,0.093,0.093,0.092,0.093,0.094,0.094,0.094,0.359,0.342,0.37,0.334,0.088,0.095,0.093,0.095,0.094,0.096,0.09,0.091,0.505,0.508,0.504,0.502,0.086,0.092,0.098,0.093,0.092,0.092,0.097,0.091
14:19:10,1.538,1.542,1.527,1.552,0.084,0.093,0.092,0.092,0.092,0.09,0.095,0.091,1.906,1.909,1.917,1.918,0.087,0.093,0.094,0.094,0.091,0.092,0.091,0.09,1.641,1.634,1.662,1.683,0.088,0.092,0.09,0.093,0.094,0.098,0.097,0.09,1.818,1.798,1.814,1.812,0.084,0.091,0.09,0.092,0.091,0.094,0.092,0.096,0.34,0.34,0.322,0.32,0.087,0.092,0.09,0.089,0.093,0.094,0.091,0.095,0.211,0.2,0.204,0.198,0.085,0.093,0.093,0.092,0.093,0.094,0.094,0.094,0.344,0.342,0.358,0.332,0.089,0.095,0.093,0.095,0.094,0.096,0.09,0.091,0.509,0.517,0.505,0.503,0.086,0.092,0.098,0.093,0.092,0.093,0.097,0.091
14:29:10,1.538,1.543,1.529,1.552,0.084,0.093,0.092,0.092,0.092,0.09,0.095,0.091,1.907,1.908,1.917,1.919,0.087,0.093,0.094,0.094,0.091,0.092,0.091,0.09,1.642,1.635,1.661,1.683,0.088,0.092,0.09,0.093,0.094,0.098,0.096,0.09,1.825,1.809,1.82,1.816,0.083,0.091,0.09,0.092,0.091,0.094,0.092,0.096,0.341,0.34,0.322,0.322,0.087,0.092,0.09,0.089,0.093,0.094,0.091,0.095,0.211,0.201,0.204,0.199,0.085,0.093,0.093,0.092,0.093,0.094,0.094,0.094,0.346,0.35,0.35,0.338,0.088,0.095,0.093,0.095,0.094,0.096,0.09,0.091,0.511,0.514,0.508,0.511,0.087,0.092,0.098,0.093,0.092,0.093,0.097,0.091
14:39:10,1.54,1.544,1.528,1.554,0.083,0.093,0.092,0.092,0.092,0.09,0.095,0.091,1.907,1.909,1.917,1.918,0.087,0.093,0.094,0.094,0.091,0.092,0.091,0.09,1.641,1.635,1.66,1.681,0.088,0.092,0.09,0.093,0.094,0.098,0.097,0.09,1.831,1.815,1.826,1.822,0.083,0.091,0.09,0.092,0.091,0.094,0.092,0.096,0.341,0.342,0.322,0.32,0.086,0.092,0.09,0.089,0.093,0.094,0.091,0.095,0.211,0.2,0.205,0.198,0.085,0.093,0.093,0.092,0.093,0.094,0.094,0.094,0.356,0.344,0.351,0.336,0.089,0.095,0.093,0.095,0.094,0.096,0.09,0.091,0.513,0.517,0.512,0.511,0.086,0.092,0.098,0.093,0.092,0.093,0.097,0.091
14:49:10,1.541,1.546,1.528,1.555,0.083,0.093,0.092,0.092,0.092,0.09,0.095,0.091,1.907,1.908,1.917,1.917,0.087,0.093,0.094,0.094,0.091,0.092,0.091,0.09,1.641,1.634,1.66,1.679,0.088,0.092,0.09,0.093,0.094,0.098,0.097,0.09,1.838,1.82,1.83,1.828,0.084,0.091,0.09,0.092,0.091,0.094,0.092,0.096,0.344,0.343,0.324,0.322,0.087,0.092,0.09,0.089,0.093,0.094,0.091,0.095,0.211,0.201,0.204,0.199,0.085,0.093,0.093,0.092,0.093,0.094,0.094,0.094,0.347,0.346,0.352,0.34,0.088,0.095,0.093,0.095,0.094,0.096,0.09,0.091,0.516,0.519,0.514,0.514,0.086,0.092,0.098,0.093,0.092,0.092,0.097,0.091
14:59:10,1.543,1.546,1.529,1.556,0.083,0.093,0.092,0.092,0.092,0.09,0.095,0.091,1.907,1.909,1.917,1.918,0.087,0.093,0.094,0.094,0.091,0.092,0.091,0.09,1.642,1.634,1.661,1.678,0.088,0.091,0.09,0.092,0.093,0.098,0.096,0.09,1.842,1.822,1.834,1.833,0.083,0.091,0.09,0.092,0.091,0.094,0.092,0.096,0.342,0.343,0.327,0.324,0.087,0.092,0.09,0.089,0.093,0.094,0.091,0.095,0.211,0.199,0.205,0.199,0.085,0.093,0.093,0.092,0.093,0.094,0.094,0.094,0.349,0.352,0.354,0.341,0.088,0.095,0.093,0.095,0.094,0.096,0.09,0.091,0.519,0.527,0.521,0.517,0.086,0.092,0.098,0.093,0.092,0.092,0.097,0.091
15:09:10,1.554,1.548,1.53,1.557,0.083,0.093,0.092,0.092,0.092,0.09,0.095,0.091,1.907,1.909,1.916,1.917,0.087,0.093,0.094,0.094,0.091,0.092,0.091,0.09,1.643,1.633,1.66,1.677,0.088,0.092,0.09,0.093,0.093,0.098,0.096,0.09,1.846,1.827,1.838,1.835,0.084,0.091,0.09,0.092,0.091,0.094,0.092,0.096,0.344,0.344,0.326,0.327,0.087,0.092,0.09,0.089,0.093,0.094,0.091,0.095,0.212,0.201,0.205,0.199,0.085,0.093,0.093,0.092,0.093,0.094,0.094,0.094,0.348,0.364,0.359,0.339,0.089,0.095,0.093,0.095,0.094,0.096,0.09,0.091,0.522,0.53,0.52,0.521,0.086,0.092,0.098,0.093,0.092,0.092,0.097,0.091
15:19:10,1.557,1.55,1.53,1.558,0.083,0.093,0.092,0.092,0.092,0.09,0.095,0.091,1.908,1.908,1.916,1.916,0.087,0.093,0.094,0.094,0.091,0.092,0.091,0.09,1.644,1.633,1.66,1.676,0.088,0.092,0.09,0.093,0.094,0.098,0.097,0.09,1.849,1.831,1.841,1.834,0.084,0.091,0.09,0.092,0.091,0.094,0.092,0.096,0.347,0.345,0.326,0.325,0.087,0.092,0.09,0.089,0.093,0.094,0.091,0.095,0.213,0.201,0.205,0.2,0.085,0.093,0.093,0.092,0.093,0.094,0.094,0.094,0.35,0.348,0.363,0.335,0.089,0.095,0.093,0.095,0.095,0.096,0.09,0.091,0.527,0.533,0.523,0.523,0.087,0.092,0.098,0.093,0.092,0.093,0.097,0.091
15:29:10,1.558,1.55,1.532,1.56,0.083,0.093,0.092,0.092,0.092,0.09,0.095,0.091,1.907,1.908,1.916,1.916,0.087,0.093,0.094,0.094,0.091,0.092,0.091,0.09,1.647,1.633,1.659,1.676,0.088,0.092,0.09,0.093,0.094,0.098,0.097,0.09,1.851,1.83,1.843,1.84,0.083,0.091,0.09,0.092,0.091,0.094,0.092,0.096,0.347,0.348,0.329,0.326,0.087,0.092,0.09,0.089,0.093,0.094,0.091,0.095,0.213,0.2,0.205,0.2,0.085,0.093,0.093,0.092,0.093,0.094,0.094,0.094,0.351,0.355,0.361,0.34,0.089,0.095,0.093,0.095,0.094,0.096,0.09,0.091,0.529,0.536,0.529,0.525,0.086,0.092,0.098,0.093,0.092,0.093,0.097,0.091
15:39:10,1.56,1.552,1.533,1.562,0.083,0.093,0.092,0.092,0.092,0.09,0.095,0.091,1.906,1.908,1.916,1.915,0.087,0.093,0.094,0.094,0.091,0.092,0.091,0.09,1.648,1.633,1.659,1.676,0.088,0.091,0.09,0.093,0.093,0.098,0.097,0.09,1.854,1.835,1.844,1.841,0.083,0.091,0.09,0.092,0.091,0.094,0.092,0.096,0.348,0.348,0.33,0.327,0.086,0.092,0.09,0.089,0.093,0.094,0.091,0.095,0.213,0.203,0.206,0.2,0.085,0.093,0.093,0.092,0.093,0.094,0.094,0.094,0.353,0.354,0.372,0.338,0.088,0.095,0.093,0.095,0.094,0.096,0.09,0.091,0.532,0.534,0.529,0.528,0.087,0.092,0.098,0.093,0.092,0.092,0.097,0.091
15:49:10,1.563,1.554,1.536,1.563,0.083,0.093,0.092,0.092,0.092,0.09,0.095,0.091,1.907,1.909,1.917,1.915,0.087,0.093,0.094,0.094,0.091,0.092,0.091,0.09,1.651,1.633,1.659,1.677,0.088,0.091,0.09,0.093,0.094,0.098,0.097,0.09,1.856,1.837,1.847,1.844,0.084,0.091,0.09,0.092,0.091,0.094,0.092,0.096,0.352,0.349,0.331,0.329,0.087,0.092,0.09,0.089,0.093,0.094,0.091,0.095,0.213,0.202,0.205,0.199,0.085,0.093,0.093,0.092,0.093,0.094,0.094,0.094,0.351,0.358,0.384,0.339,0.088,0.095,0.093,0.095,0.094,0.096,0.09,0.091,0.535,0.537,0.531,0.532,0.086,0.092,0.098,0.093,0.092,0.092,0.097,0.091
15:59:10,1.564,1.555,1.537,1.566,0.083,0.093,0.092,0.092,0.092,0.09,0.095,0.091,1.907,1.908,1.916,1.915,0.087,0.093,0.094,0.094,0.091,0.092,0.091,0.09,1.654,1.634,1.66,1.677,0.088,0.092,0.09,0.093,0.094,0.098,0.097,0.09,1.858,1.84,1.848,1.843,0.084,0.091,0.09,0.092,0.091,0.094,0.092,0.096,0.351,0.351,0.332,0.329,0.087,0.092,0.09,0.089,0.093,0.094,0.091,0.095,0.214,0.201,0.206,0.2,0.086,0.093,0.093,0.092,0.093,0.094,0.094,0.094,0.356,0.362,0.374,0.344,0.089,0.095,0.093,0.095,0.094,0.096,0.09,0.091,0.537,0.544,0.534,0.534,0.086,0.092,0.098,0.093,0.092,0.092,0.097,0.091
16:09:10,1.566,1.557,1.537,1.567,0.083,0.093,0.092,0.092,0.092,0.09,0.095,0.091,1.907,1.908,1.916,1.914,0.087,0.093,0.094,0.094,0.091,0.092,0.091,0.09,1.658,1.633,1.66,1.678,0.088,0.092,0.09,0.093,0.093,0.098,0.097,0.09,1.859,1.841,1.85,1.842,0.083,0.091,0.09,0.092,0.091,0.094,0.092,0.096,0.354,0.35,0.333,0.332,0.087,0.092,0.09,0.089,0.093,0.094,0.091,0.095,0.214,0.202,0.206,0.2,0.085,0.093,0.093,0.092,0.093,0.094,0.094,0.094,0.354,0.361,0.377,0.343,0.088,0.095,0.093,0.095,0.094,0.096,0.09,0.091,0.54,0.545,0.536,0.537,0.086,0.092,0.098,0.093,0.092,0.093,0.097,0.091
16:19:10,1.568,1.558,1.54,1.569,0.083,0.093,0.092,0.092,0.092,0.09,0.095,0.091,1.907,1.908,1.916,1.914,0.087,0.093,0.094,0.094,0.091,0.092,0.091,0.09,1.662,1.634,1.661,1.678,0.088,0.092,0.09,0.093,0.094,0.098,0.097,0.09,1.86,1.844,1.851,1.845,0.084,0.091,0.09,0.092,0.091,0.094,0.092,0.096,0.353,0.351,0.335,0.333,0.088,0.092,0.09,0.089,0.093,0.094,0.091,0.095,0.215,0.204,0.207,0.201,0.085,0.093,0.093,0.092,0.093,0.094,0.094,0.094,0.354,0.356,0.388,0.344,0.089,0.095,0.093,0.095,0.094,0.096,0.09,0.091,0.542,0.542,0.539,0.54,0.087,0.092,0.098,0.093,0.092,0.093,0.097,0.091
16:29:10,1.571,1.56,1.542,1.571,0.083,0.093,0.092,0.092,0.092,0.09,0.095,0.091,1.906,1.907,1.915,1.913,0.087,0.093,0.094,0.094,0.091,0.092,0.091,0.09,1.665,1.637,1.662,1.679,0.088,0.092,0.09,0.093,0.094,0.098,0.097,0.09,1.862,1.843,1.853,1.843,0.084,0.091,0.09,0.092,0.091,0.094,0.092,0.096,0.355,0.353,0.335,0.332,0.087,0.092,0.09,0.089,0.093,0.094,0.091,0.095,0.213,0.202,0.207,0.202,0.086,0.093,0.093,0.092,0.093,0.094,0.094,0.094,0.368,0.366,0.383,0.344,0.089,0.095,0.093,0.095,0.095,0.096,0.09,0.091,0.545,0.548,0.541,0.54,0.087,0.092,0.098,0.093,0.092,0.093,0.097,0.091
16:39:10,1.573,1.562,1.544,1.574,0.083,0.093,0.092,0.092,0.092,0.09,0.095,0.091,1.906,1.907,1.915,1.913,0.087,0.093,0.094,0.094,0.091,0.092,0.091,0.09,1.669,1.637,1.664,1.68,0.088,0.092,0.09,0.093,0.094,0.098,0.097,0.09,1.865,1.847,1.854,1.85,0.083,0.091,0.09,0.092,0.091,0.094,0.092,0.096,0.356,0.353,0.336,0.336,0.087,0.092,0.09,0.089,0.093,0.094,0.091,0.095,0.214,0.202,0.207,0.201,0.085,0.093,0.093,0.092,0.093,0.094,0.094,0.094,0.371,0.371,0.377,0.346,0.089,0.095,0.093,0.095,0.094,0.096,0.09,0.091,0.546,0.549,0.544,0.543,0.087,0.092,0.098,0.093,0.092,0.093,0.097,0.091
16:49:10,1.575,1.564,1.545,1.575,0.083,0.093,0.092,0.092,0.092,0.09,0.095,0.091,1.906,1.906,1.915,1.913,0.087,0.093,0.094,0.094,0.091,0.092,0.091,0.09,1.674,1.64,1.667,1.681,0.088,0.092,0.09,0.093,0.093,0.098,0.097,0.09,1.864,1.848,1.856,1.851,0.084,0.091,0.09,0.092,0.091,0.094,0.092,0.096,0.357,0.354,0.338,0.335,0.087,0.092,0.09,0.089,0.093,0.094,0.091,0.095,0.214,0.202,0.207,0.201,0.085,0.093,0.093,0.092,0.093,0.094,0.094,0.094,0.358,0.369,0.375,0.346,0.089,0.095,0.093,0.095,0.094,0.096,0.09,0.091,0.55,0.555,0.545,0.546,0.086,0.092,0.098,0.093,0.092,0.092,0.097,0.091
16:59:10,1.577,1.566,1.547,1.578,0.083,0.093,0.092,0.092,0.092,0.09,0.095,0.091,1.907,1.907,1.914,1.913,0.087,0.093,0.094,0.094,0.091,0.092,0.091,0.09,1.678,1.642,1.669,1.683,0.088,0.091,0.09,0.093,0.094,0.098,0.097,0.09,1.866,1.848,1.857,1.85,0.083,0.091,0.09,0.092,0.091,0.094,0.092,0.096,0.358,0.357,0.337,0.335,0.087,0.092,0.09,0.089,0.093,0.094,0.091,0.095,0.213,0.204,0.206,0.202,0.085,0.093,0.093,0.092,0.093,0.094,0.094,0.094,0.373,0.366,0.375,0.349,0.088,0.095,0.093,0.095,0.094,0.096,0.09,0.091,0.552,0.555,0.548,0.548,0.086,0.092,0.098,0.093,0.092,0.093,0.097,0.091
17:09:10,1.579,1.568,1.55,1.579,0.083,0.093,0.092,0.092,0.092,0.09,0.095,0.091,1.906,1.906,1.914,1.912,0.087,0.093,0.094,0.094,0.091,0.092,0.091,0.09,1.683,1.644,1.671,1.685,0.088,0.092,0.09,0.093,0.094,0.098,0.097,0.09,1.866,1.85,1.857,1.85,0.083,0.091,0.09,0.092,0.091,0.094,0.092,0.096,0.36,0.357,0.339,0.335,0.087,0.092,0.09,0.089,0.092,0.094,0.091,0.095,0.213,0.204,0.208,0.201,0.085,0.093,0.093,0.092,0.093,0.094,0.094,0.094,0.375,0.363,0.377,0.348,0.089,0.095,0.093,0.095,0.094,0.096,0.09,0.091,0.554,0.559,0.55,0.551,0.086,0.092,0.098,0.093,0.092,0.093,0.097,0.091
17:19:10,1.581,1.57,1.551,1.581,0.083,0.093,0.092,0.092,0.092,0.09,0.095,0.091,1.906,1.906,1.914,1.911,0.087,0.093,0.094,0.094,0.091,0.092,0.091,0.09,1.687,1.647,1.674,1.687,0.088,0.091,0.09,0.093,0.093,0.098,0.097,0.09,1.867,1.851,1.858,1.853,0.084,0.091,0.09,0.092,0.091,0.094,0.092,0.096,0.361,0.358,0.34,0.337,0.087,0.092,0.09,0.089,0.093,0.094,0.091,0.095,0.214,0.204,0.208,0.202,0.085,0.093,0.093,0.092,0.093,0.094,0.094,0.094,0.399,0.36,0.378,0.347,0.089,0.095,0.093,0.095,0.094,0.096,0.09,0.091,0.556,0.56,0.553,0.555,0.087,0.092,0.098,0.093,0.092,0.092,0.097,0.091
17:29:10,1.583,1.572,1.552,1.583,0.083,0.093,0.092,0.092,0.092,0.09,0.095,0.091,1.906,1.906,1.914,1.911,0.087,0.093,0.094,0.094,0.091,0.092,0.091,0.09,1.692,1.649,1.677,1.688,0.088,0.091,0.09,0.093,0.094,0.098,0.097,0.09,1.869,1.853,1.858,1.856,0.084,0.091,0.09,0.092,0.091,0.094,0.092,0.096,0.362,0.359,0.338,0.337,0.087,0.092,0.09,0.089,0.092,0.094,0.091,0.095,0.214,0.204,0.209,0.202,0.085,0.093,0.093,0.092,0.093,0.094,0.094,0.094,0.367,0.359,0.381,0.348,0.088,0.095,0.093,0.095,0.094,0.096,0.09,0.091,0.559,0.562,0.556,0.556,0.087,0.092,0.098,0.093,0.092,0.092,0.097,0.091
17:39:10,1.585,1.574,1.555,1.585,0.083,0.093,0.092,0.092,0.092,0.09,0.095,0.091,1.906,1.906,1.913,1.911,0.087,0.093,0.094,0.094,0.091,0.092,0.091,0.09,1.696,1.652,1.679,1.692,0.088,0.091,0.09,0.092,0.094,0.098,0.097,0.09,1.869,1.852,1.859,1.853,0.084,0.091,0.09,0.092,0.091,0.094,0.092,0.096,0.363,0.362,0.339,0.34,0.086,0.092,0.09,0.089,0.093,0.094,0.091,0.095,0.214,0.204,0.209,0.202,0.086,0.093,0.093,0.092,0.093,0.094,0.094,0.094,0.359,0.358,0.382,0.35,0.089,0.095,0.093,0.095,0.094,0.096,0.09,0.091,0.561,0.564,0.558,0.558,0.087,0.092,0.098,0.093,0.092,0.093,0.097,0.091
17:49:10,1.587,1.575,1.556,1.586,0.083,0.093,0.092,0.092,0.092,0.09,0.095,0.091,1.906,1.905,1.913,1.91,0.087,0.093,0.094,0.094,0.091,0.092,0.091,0.09,1.7,1.655,1.683,1.694,0.088,0.091,0.09,0.092,0.094,0.098,0.097,0.09,1.869,1.853,1.859,1.852,0.084,0.091,0.09,0.092,0.091,0.094,0.092,0.096,0.364,0.36,0.341,0.343,0.086,0.092,0.09,0.089,0.092,0.094,0.091,0.095,0.214,0.203,0.208,0.202,0.085,0.093,0.093,0.092,0.093,0.094,0.094,0.094,0.379,0.358,0.383,0.351,0.088,0.095,0.093,0.095,0.094,0.096,0.09,0.091,0.564,0.565,0.562,0.563,0.087,0.092,0.098,0.093,0.092,0.093,0.097,0.091
17:59:10,1.588,1.577,1.558,1.588,0.083,0.093,0.092,0.092,0.092,0.09,0.095,0.091,1.906,1.905,1.913,1.91,0.087,0.093,0.094,0.094,0.091,0.092,0.091,0.09,1.705,1.658,1.687,1.696,0.088,0.092,0.09,0.093,0.094,0.098,0.097,0.09,1.87,1.855,1.86,1.857,0.084,0.091,0.09,0.092,0.091,0.094,0.092,0.096,0.365,0.364,0.343,0.343,0.087,0.092,0.09,0.089,0.093,0.094,0.091,0.095,0.215,0.206,0.209,0.203,0.085,0.093,0.093,0.092,0.093,0.094,0.094,0.094,0.376,0.359,0.384,0.35,0.088,0.095,0.093,0.095,0.094,0.096,0.09,0.091,0.566,0.576,0.564,0.562,0.087,0.092,0.098,0.093,0.092,0.093,0.097,0.091
18:09:10,1.59,1.578,1.559,1.59,0.083,0.093,0.092,0.092,0.092,0.09,0.095,0.091,1.905,1.904,1.912,1.909,0.087,0.093,0.094,0.094,0.091,0.092,0.091,0.09,1.709,1.662,1.69,1.699,0.088,0.091,0.09,0.092,0.094,0.098,0.097,0.09,1.871,1.855,1.861,1.855,0.084,0.091,0.09,0.092,0.091,0.094,0.092,0.096,0.366,0.364,0.344,0.344,0.087,0.092,0.09,0.089,0.092,0.094,0.091,0.095,0.215,0.207,0.208,0.204,0.085,0.093,0.093,0.092,0.093,0.094,0.094,0.094,0.385,0.359,0.385,0.349,0.088,0.095,0.093,0.095,0.094,0.096,0.09,0.091,0.569,0.572,0.566,0.566,0.087,0.092,0.098,0.093,0.092,0.093,0.097,0.091
18:19:10,1.592,1.58,1.562,1.592,0.083,0.093,0.092,0.092,0.092,0.09,0.095,0.091,1.905,1.904,1.912,1.909,0.087,0.093,0.094,0.094,0.091,0.092,0.091,0.09,1.713,1.665,1.694,1.702,0.088,0.092,0.09,0.093,0.094,0.098,0.097,0.09,1.871,1.855,1.861,1.854,0.084,0.091,0.09,0.092,0.091,0.094,0.092,0.096,0.368,0.365,0.344,0.344,0.087,0.092,0.09,0.089,0.093,0.094,0.091,0.095,0.217,0.203,0.209,0.203,0.086,0.093,0.093,0.092,0.093,0.094,0.094,0.094,0.376,0.36,0.386,0.349,0.088,0.095,0.093,0.095,0.094,0.096,0.09,0.091,0.571,0.577,0.569,0.568,0.087,0.092,0.098,0.093,0.092,0.093,0.097,0.091