"gene_id","baseMean","log2FoldChange","lfcSE","pvalue","padj"
"YAL005C",28311.5436373559,3.24823000693138,0.052613327777531,0,0
"YAL044C",3815.7958797082,1.09815817872462,0.0632519642519953,1.94503083332723e-68,9.51009384685363e-67
"YAL061W",936.215766821073,2.25322168273961,0.113764021878384,1.76098317100023e-88,1.23145962679016e-86
"YAR071W",348.468010531968,2.57173570609042,0.179235206840434,8.01194345004531e-48,2.61868629937894e-46
"YBL001C",1310.97175699594,1.1317705840619,0.0941130523772734,3.03674342821289e-34,6.4306249919973e-33
"YBL064C",1349.11458432801,1.43582071824568,0.0921034591567339,7.52229536539443e-56,2.93760287840793e-54
"YBR001C",1562.01568756451,1.23154974517755,0.0851148780951142,2.09074618256712e-48,6.98541530108816e-47
"YBR046C",936.597866719165,1.5395156642182,0.110460499981262,3.04288435600144e-45,9.10443110298143e-44
"YBR072W",391.235210415716,2.65193908597772,0.16970535079964,3.92338997851074e-56,1.54217433534403e-54
"YBR085C-A",381.267469945412,1.72415091377055,0.165809032893065,2.07227386958739e-26,3.43323830625306e-25
"YBR093C",889.161245542217,1.21026977613827,0.105505826204803,1.98263528317167e-31,3.79731483853326e-30
"YBR117C",1416.9813086406,3.63379638135219,0.113430550226471,4.28300579292807e-226,1.1199129060291e-223
"YBR126C",7952.95993270274,1.03962753893622,0.0565506532933951,2.3851942427758e-76,1.35326020528808e-74
"YBR149W",5712.3789399594,1.18479969710918,0.0599993733604406,9.9787767998094e-88,6.74296221056784e-86
"YBR169C",1894.12819480002,1.87405861850405,0.0850007459795805,8.14354753502317e-109,7.20224924641608e-107
"YBR230C",1023.86737317545,1.37435028107228,0.0992436965363902,1.23499145134521e-44,3.65873822088183e-43
"YBR241C",973.830674963497,1.37524350201878,0.102911411843921,9.39766803043716e-42,2.56898070613859e-40
"YBR244W",594.067286609948,1.05590902216747,0.12320542448461,1.29136879833755e-18,1.54399442409583e-17
"YBR284W",143.746680948649,1.01788392222513,0.248766296026525,5.0298836595264e-06,2.52081002736598e-05
"YBR285W",96.1723154633542,2.95465610870192,0.351603662610585,3.89655803374687e-18,4.55027184756382e-17
"YBR296C",84.8061241940852,2.17068472672384,0.349709552169768,3.71593493285961e-11,2.95213113424276e-10
"YCL035C",1065.44703402294,1.21286894102872,0.100551293627039,1.78271929483174e-34,3.81539994274664e-33
"YCL040W",8335.64712595252,1.49076886939922,0.0614888217249567,6.74746894362499e-131,7.51468115314087e-129
"YCL042W",113.860932914263,1.23515265749468,0.305241869694717,4.56036301121592e-06,2.29506469869896e-05
"YCL048W-A",51.2566139820222,5.23161115366053,0.777309456836798,9.05388565340062e-12,7.58357497486788e-11
"YCL064C",3825.61575801418,1.97277025346267,0.0697763524016007,5.31570062585989e-177,9.13389244683469e-175
"YCR004C",4096.21589032954,1.25817045013986,0.0636482845163037,5.86994152984385e-88,4.01157140460011e-86
"YDL021W",467.360241085971,1.77709880214401,0.146841865161852,8.04384801223807e-35,1.74641523269313e-33
"YDL024C",73.2341834657554,1.49585793693619,0.352165302916179,1.66005793413813e-06,8.92188419652076e-06
"YDL085W",279.444022781213,2.62718289099867,0.197115202469112,1.30871140046081e-41,3.56135310514538e-40
"YDL110C",889.248262949337,1.07374701209446,0.104089400830001,7.42521909655342e-26,1.20364602821219e-24
"YDL124W",7070.48786033233,1.04217802686704,0.0631244127143085,4.53368304076471e-62,1.975765928055e-60
"YDL130W-A",356.190703395033,1.87575638689859,0.166055261908498,1.0797623859342e-30,2.0166742201889e-29
"YDL204W",1858.6114269621,3.37173310508812,0.104239200299479,1.9796138351539e-230,5.66923695457883e-228
"YDL222C",1235.28612452756,4.37515634362849,0.13111661733312,6.24771041983145e-245,2.08742947027035e-242
"YDL223C",1956.08832972906,2.73032914662493,0.0909412932959029,4.21558727001013e-199,9.05447922922891e-197
"YDL244W",20.785356485098,1.4439105952082,0.749354422756434,0.00272618750958017,0.00838633845658063
"YDL246C",50.1004258712392,3.47249194354927,0.569511912990126,9.81812257038459e-11,7.58948446507621e-10
"YDR001C",3735.65332761813,1.00923205997549,0.0668120392054371,1.99714515570858e-52,7.19211435115653e-51
"YDR014W-A",22.2027392767013,2.57424177706584,0.740879086228466,3.38737149797403e-05,0.000149681500285201
"YDR019C",3893.52069160494,2.00263130132998,0.067905202643561,2.54711652165834e-192,4.94140605201717e-190
"YDR032C",4938.06411108597,1.70669962480577,0.0595911573895653,1.76959581005769e-181,3.22495430354151e-179
"YDR034W-B",19.7202322611848,7.36134622758691,2.62607180893361,1.11643321427546e-06,6.10939886319621e-06
"YDR055W",4805.50599677236,1.19268606584856,0.0662179682452713,1.75354082230278e-73,9.50071577056662e-72
"YDR070C",236.437949768082,4.15841138582076,0.274668088111269,1.34198006685004e-52,4.86184826628682e-51
"YDR155C",17106.5946400075,1.11687534365919,0.0576471394785174,1.7716922997136e-84,1.10989140525808e-82
"YDR171W",1658.40310733738,1.55565165194557,0.0869833601990692,1.37744975203689e-72,7.33095823783171e-71
"YDR214W",3203.18312358949,1.47644741758245,0.0672321656375416,5.94156887455884e-108,5.0327598889573e-106
"YDR258C",2117.76296694419,1.15207022374426,0.07764184315763,9.31045303666506e-51,3.23659332731235e-49
"YDR342C",9020.40841311654,1.4832183421674,0.0677512070012918,2.74031112105907e-107,2.28892098361795e-105
"YDR379C-A",112.613418280678,1.83180777295498,0.289946879756999,1.94746280478979e-11,1.57844222479863e-10
"YDR380W",1060.50311712762,1.43451262402997,0.456240766919869,0.000101473914819413,0.000414863442368423
"YDR453C",894.863997164664,3.88557001529532,0.146093811219881,6.07083458659891e-157,8.9048778545868e-155
"YDR461C-A",108.60706324447,1.29847941380976,0.284191811602682,4.33202471452809e-07,2.47650158109999e-06
"YDR533C",1368.33075901624,1.75172635829244,0.0934738373656933,1.82825102741749e-79,1.09951016788888e-77
"YEL039C",97.4517930796341,2.10034375470061,0.318433500483354,3.13686078184638e-12,2.72223387330796e-11
"YEL066W",546.497968191812,1.18567755948138,0.129139109343955,4.70320673217075e-21,6.21650226093953e-20
"YER037W",843.032600542123,1.04204271342945,0.107287681841079,3.46544575643798e-23,5.07084933800925e-22
"YER054C",406.226724220775,1.47782397279076,0.15006544505638,6.25677336455586e-24,9.40705875360973e-23
"YER062C",3316.29934927567,1.81831617134128,0.069562171818765,1.10908643518844e-151,1.51591950482347e-149
"YER072W",2339.44516941377,1.7791324154787,0.0801672792208642,2.97875203979337e-110,2.67376339810707e-108
"YER096W",226.17520780996,2.43428800669926,0.219971790432129,1.44290410676746e-29,2.60589348291277e-28
"YER103W",2593.50773688239,2.17339961524184,0.0777091116208768,2.94788333192287e-173,4.92460287727337e-171
"YER121W",82.5639841165664,2.64494400386853,0.380430074749867,2.81447568582102e-13,2.64886647488695e-12
"YER142C",397.164346748358,1.16275504257516,0.153679404212744,4.14565165466168e-15,4.24012738964887e-14
"YER150W",1534.61759007727,2.47521299105629,0.0986881367940361,5.93081040190343e-140,7.27916199123413e-138
"YFL014W",20691.8862503971,4.84571105751279,0.0556490220675269,0,0
"YFL030W",319.848304834527,1.10554688928061,0.168687298533528,6.41635928842595e-12,5.42728336998505e-11
"YFL053W",158.958762169335,2.19306849607467,0.262104371045177,4.1838358262486e-18,4.8574495480809e-17
"YFL054C",619.411799985438,1.09930635203817,0.123337303956062,5.92475143049584e-20,7.4699067301891e-19
"YFL059W",134.214452946421,1.11684725424816,0.252020489947898,9.84860152962798e-07,5.4289174701359e-06
"YFR053C",4985.38864110203,1.96934167337588,0.1452048544274,4.89423911947219e-43,1.37541841422924e-41
"YGL037C",3900.31409005532,1.33419812202785,0.0704419602866592,4.98882318942436e-81,3.06150843481613e-79
"YGL062W",5764.53543370111,1.44156641808763,0.487578835772968,0.000190496453139077,0.000741998490400524
"YGL121C",238.366478438989,2.77822633992949,0.21981616244228,1.13201819613234e-37,2.72318297261596e-36
"YGL156W",977.620446014411,2.03880631044934,0.105123535472894,6.57672194029198e-85,4.20770273924638e-83
"YGL158W",276.284412245188,3.68424902606044,0.233285591981137,4.32418713119737e-57,1.72222923225305e-55
"YGR008C",506.500132860775,1.6645387903493,0.136743684679757,3.55565271545058e-35,7.83285546912813e-34
"YGR019W",1792.37273194777,1.19400381054484,0.0814395093121552,1.23465060834973e-49,4.14815014447782e-48
"YGR043C",3226.64569717063,5.20092643141375,0.104160446604596,0,0
"YGR052W",946.737803335468,1.821142537377,0.104953712812709,1.50454085490701e-68,7.41664647656618e-67
"YGR088W",2498.1676831064,2.76895392118564,0.0820977465448779,1.75637605294887e-250,6.60177848902157e-248
"YGR146C",321.787355993821,1.09176802984081,0.169269926189232,1.31905107228445e-11,1.08817189968706e-10
"YGR201C",415.531023572095,1.26886770554862,0.152873424034582,1.02382753633822e-17,1.17281881972154e-16
"YGR209C",1412.36573591279,1.35759210928446,0.0893709576755335,3.87672825978387e-53,1.43917554039137e-51
"YGR233C",1514.28559963657,1.44629489578419,0.0860786740522884,2.10574986224826e-64,9.66716005462676e-63
"YGR244C",5102.02307226024,1.32579319134705,0.0590994889224713,1.79281644788398e-112,1.65876894116527e-110
"YGR248W",1156.68374102797,3.04830539080249,0.116103103451827,4.68875845166085e-153,6.55771937867172e-151
"YGR256W",1309.1685572078,4.45666446019799,0.131949321136717,9.40768824374046e-251,3.77185580652368e-248
"YHL021C",809.710440178613,1.03919506483913,0.109146848848302,2.13797015693471e-22,2.99017500553613e-21
"YHR016C",1540.57298275189,1.00761501523597,0.084079971802039,5.87097215021232e-34,1.23024482618038e-32
"YHR021W-A",47.8484630509228,1.09241600929526,0.458387825579836,0.00138557988307871,0.00458606352054782
"YHR052C-B",181.283485520969,1.31501376872787,0.236776978749859,2.56402664653888e-09,1.78886963483583e-08
"YHR087W",593.75052184773,2.72886562557288,0.140883802810547,1.14794269636664e-84,7.26708144836737e-83
"YHR096C",536.939888994972,2.4151629287577,0.142726244193077,2.44355074586709e-65,1.13918714617401e-63
"YHR104W",2874.24365067555,1.82367350565183,0.0703008079549714,1.84297623169788e-149,2.46303534609579e-147
"YHR136C",246.007272246586,4.57865001072666,0.297399762638319,4.65775017848989e-54,1.78418532314893e-52
"YHR137W",1012.62273822487,2.35230586887136,0.393064885039966,1.23106949349256e-10,9.46758559317678e-10
"YHR138C",195.919141003137,1.28166327795201,0.225784534840028,1.27038068754082e-09,9.09532077960771e-09
"YHR215W",1203.7052983105,2.995446810563,0.220244648297756,2.43279063068218e-43,6.934029788115e-42
"YIL099W",179.124303485718,1.57411159906434,0.226279977668092,2.84509056121728e-13,2.67349603674386e-12
"YIL101C",586.195338495836,1.58161520369877,0.282740490269199,1.6240944707185e-09,1.15044807383994e-08
"YIL113W",126.724524048487,1.94065242900373,0.287924743168192,1.19171340790791e-12,1.07773901280574e-11
"YIL117C",829.965394879965,1.63899830868671,0.111539956670363,5.95852004900932e-50,2.02455025846e-48
"YIL136W",2766.94922814393,2.37014407504854,0.0735808776130704,8.83414207887321e-229,2.41493320283379e-226
"YIL155C",2146.4548030546,1.79494987826528,0.0764575491664898,5.38544571287405e-123,5.48950347749568e-121
"YIL160C",287.832384904713,1.1344201758827,0.172358058442703,5.16474902881974e-12,4.41204554819914e-11
"YIR027C",82.9549353471835,1.20133958796112,0.330621813762345,2.53026468340089e-05,0.0001144136226013
"YIR038C",2577.9169235618,2.5820779009435,0.0776616620916631,1.63156786283706e-243,5.16434164584321e-241
"YIR039C",209.380996069751,1.47053266488186,0.208434618002822,1.50782817443382e-13,1.43937756207064e-12
"YJL012C",6459.61794869173,1.90211470061208,0.0563551070507946,8.33445372134849e-251,3.58024319144213e-248
"YJL045W",197.457711390623,2.57016823081866,0.232862033938506,2.02381232456658e-29,3.63319621490849e-28
"YJL052W",4910.56239821125,1.08650097073526,0.0580926695498562,5.52684462126063e-79,3.2909350051744e-77
"YJL068C",1723.25614326683,1.17665029572669,0.082599341048263,5.33639114913243e-47,1.68910823004644e-45
"YJL116C",1248.25337733443,2.08427003709771,0.100476718911634,9.35156516423011e-97,7.1190269490734e-95
"YJL144W",65.6341725291002,1.76008060783991,0.378433112610089,2.36917469192145e-07,1.38466633597819e-06
"YJL161W",166.576538215018,1.74636172555931,0.24217778095527,4.15410845786706e-14,4.05565069246956e-13
"YJL185C",218.589040907609,1.15153076845518,0.198577291094347,7.18979486575024e-10,5.22215293751473e-09
"YJR096W",1497.40703532638,2.16582283333108,0.091179695632215,7.83713051074777e-126,8.26886015642756e-124
"YJR148W",1912.17932987322,1.68024712790106,0.0864056167813188,2.59296911168009e-85,1.67678669221979e-83
"YKL026C",121.94789238829,1.26903117221641,0.270178129610711,2.3989691562949e-07,1.39935989388531e-06
"YKL091C",690.420343497793,1.13103041633609,0.116660556030828,3.66280119908628e-23,5.34662291536526e-22
"YKL096W",4774.37576814189,1.45521627357799,0.0747214890155653,1.60591632472562e-85,1.0731089752111e-83
"YKL103C",2536.27598160634,1.06241173815814,0.0699642580330603,5.69174163826206e-53,2.1000082338962e-51
"YKL107W",66.2300340269326,1.37625837951893,0.377756359796259,2.10472980797605e-05,9.65510683841949e-05
"YKL151C",1529.37342333162,1.37635055349587,0.0844006228703514,8.61141320657643e-61,3.59646104335768e-59
"YKL163W",525.791715559788,2.25915717976629,0.163868557393093,2.30846311037309e-44,6.77224251013843e-43
"YKR039W",1997.47383078747,1.76806089422509,0.0827686238078089,2.33924853723924e-102,1.82704424713724e-100
"YKR049C",396.715981688431,1.17130694036115,0.148974962524242,4.08181859511304e-16,4.38376818145121e-15
"YKR076W",840.783057010124,2.06278833406765,0.114308975861466,6.80255578668078e-74,3.71914277282711e-72
"YKR080W",1438.94695063156,1.00615864622046,0.0917300731733413,7.25782156467911e-29,1.28001580322522e-27
"YLL026W",7588.14561042516,1.38133998175357,0.0546012880512214,2.93717358847592e-142,3.68003374189462e-140
"YLL039C",2890.61341081441,1.47684103316884,0.0680686937827303,1.98503188962103e-105,1.59173090455745e-103
"YLR058C",11383.1091793623,1.30530040710306,0.0535510560309654,3.22565191187421e-132,3.66020199962481e-130
"YLR080W",339.158069808873,1.07780581498996,0.160630524774691,2.32326941034431e-12,2.0367554276692e-11
"YLR109W",14085.4537949619,1.60768101680806,0.0510805604247239,9.516068287745e-219,2.28918538729994e-216
"YLR149C",473.078429555841,1.6495794668332,0.146267971456745,1.38888095632535e-30,2.58598454221072e-29
"YLR178C",1876.43604281106,2.93273852221225,0.0957405626911786,2.96004280449566e-207,6.84680670239881e-205
"YLR216C",4649.26707785785,1.10603079763776,0.0592642118220225,1.20382277069533e-78,7.09783347349186e-77
"YLR251W",361.204743621264,1.06137422991756,0.157125830597506,1.75771643177959e-12,1.56143376967836e-11
"YLR259C",10284.1199803705,1.18087737454862,0.0507861796823365,1.75627797313404e-120,1.76037595507135e-118
"YLR267W",332.844610906851,1.19891979183969,0.191849441393871,4.26807760217561e-11,3.37739719730054e-10
"YLR270W",1536.74227867031,1.017337716572,0.0835070837894849,5.10961677008029e-35,1.11742673655501e-33
"YLR273C",385.348774518188,1.1694367726528,0.152279640780963,1.76651555984822e-15,1.84121743100992e-14
"YLR327C",109.713323873787,3.77870912116047,0.376383550736739,1.28126705577489e-24,1.99109562620935e-23
"YLR356W",481.16780601123,1.0743034261909,0.150089865521603,9.67938701205828e-14,9.34379349767552e-13
"YML042W",347.528200825114,1.17991424392903,0.165743177564924,1.1668464571552e-13,1.12099274653856e-12
"YML070W",5628.08170861221,1.41172354210082,0.0569108240166376,6.83391834458802e-137,8.05866371065732e-135
"YML100W",5617.74891391914,1.53910574169537,0.0645871111818824,1.43809327588046e-126,1.54440945734734e-124
"YML123C",3734.41049906894,5.48870808203816,0.10610616163173,0,0
"YML128C",8244.61901984938,3.684941042963,0.0611044778605342,0,0
"YMR011W",1677.3744843114,2.10936515558748,0.0890979793912518,4.99620985070101e-125,5.18055276588205e-123
"YMR090W",1446.28087979504,2.74020596389487,0.0980478168312808,4.84959287332518e-173,7.88255447031827e-171
"YMR096W",629.30265889285,1.04541365594349,0.331116446887369,0.000156378759380326,0.000617784163829883
"YMR105C",2319.70463415164,1.63740788454674,0.0751701200548984,2.81806504619424e-106,2.29024907943408e-104
"YMR106W-A",75.9355842127101,1.90086724622771,0.352418991928212,4.9406430656362e-09,3.35361483033139e-08
"YMR107W",40.8247629331779,3.14339388382095,0.574605893280343,4.00629871554224e-09,2.74730678167286e-08
"YMR120C",6085.91122178844,1.73973087186373,0.0584654871661172,1.16090367757976e-195,2.40747404033264e-193
"YMR148W",109.082751253149,1.34546581682758,0.288565598186811,2.67016765308955e-07,1.55153509813339e-06
"YMR169C",3405.72426983505,4.24412025280639,0.0843418712570344,0,0
"YMR170C",650.886668182664,1.13383498858379,0.128959067602592,1.70988731408722e-19,2.11589759401657e-18
"YMR174C",136.329124293994,3.17928583273395,0.304968409233822,1.70001739954837e-26,2.82428304996794e-25
"YMR175W",54.4779134621153,5.02308595561002,0.711639904883925,7.19889825584077e-13,6.58967642475288e-12
"YMR189W",6704.78042820732,1.91360810374871,0.0601485844891614,3.15568627777555e-223,7.90762386439256e-221
"YMR196W",2982.98318742962,2.51337498602855,0.0745581184965925,3.29935772011022e-250,1.16719631345546e-247
"YMR250W",3843.69212760054,2.48808943658661,0.0751128761730316,1.01337653329651e-241,3.0472232356226e-239
"YMR251W",154.394493628848,2.51994844558861,0.265469230049752,1.63133111912045e-22,2.30301064563154e-21
"YMR251W-A",667.237467336543,1.71493068512931,0.132879803822255,3.25420138257886e-39,8.22301139278541e-38
"YMR303C",521.784163211199,1.10556719142678,0.131540883200309,5.04883841966368e-18,5.82796818730468e-17
"YMR315W",4495.87023686965,1.38579630942114,0.0616523166859681,6.3968655378182e-113,6.15037466681253e-111
"YNCM0001W",10280.7378475,4.42403253444247,0.061724808242893,0,0
"YNL015W",293.041689231947,1.33615190455774,0.176724275497966,3.73295657533271e-15,3.8245316599746e-14
"YNL036W",2594.25272217549,3.30378787972363,0.784045763789002,1.07341669413222e-06,5.89008029061236e-06
"YNL077W",446.875355313934,1.00141073951136,0.143677365963388,4.22205826446522e-13,3.93056631617551e-12
"YNL160W",14991.5418253729,1.54633547781066,0.0586890474246782,4.85980368536065e-154,6.95877603899023e-152
"YNL194C",236.151244802735,1.99128599870612,0.201801799325092,4.50325331801746e-24,6.83903168044369e-23
"YNL195C",419.116979393185,1.39692023511514,0.146065897510915,1.06050632467885e-22,1.51854405633776e-21
"YNL200C",879.521762477255,1.08557517365521,0.108770371415384,2.23467816177946e-24,3.46375115075817e-23
"YNL202W",297.812907954707,1.0147799336962,0.174982616618186,8.50387836411278e-10,6.14691400021325e-09
"YNL208W",11519.3091739028,1.88770764176653,0.0510287963722262,1.48155101975066e-300,7.42503986065041e-298
"YNL274C",1237.94664369638,1.61930656478409,0.0967305467382292,5.2953507952018e-64,2.37658505092117e-62
"YNL281W",1223.59247759277,1.03544927002661,0.0962403091621658,7.09792476066494e-28,1.2301705910847e-26
"YNL332W",23.5324356819436,1.64664910016817,0.689610284493504,0.000914728371087249,0.00314892754649039
"YNR014W",240.11280952903,1.36958022922413,0.193126825144663,1.22934454004846e-13,1.17915120635589e-12
"YNR034W-A",93.3585728351221,2.10202046497279,0.323326130179016,5.74855679372344e-12,4.89685843589982e-11
"YOL047C",159.939337877032,2.14341162827903,0.245417584096275,1.86175944112229e-19,2.29910087862617e-18
"YOL052C-A",140.45112246013,3.07056028052149,0.29723197536368,4.81048370504963e-26,7.861480707111e-25
"YOL083W",368.919514977093,1.40739535815311,0.167229383756287,3.60897290826749e-18,4.22263872963437e-17
"YOL084W",641.936755352478,2.79087236818291,0.137469828428882,9.33730844561244e-93,6.76561120384496e-91
"YOR020C",1355.17881665241,1.2984573135141,0.0913678976713789,7.68259818041751e-47,2.40641382588703e-45
"YOR027W",8133.00988992785,1.51062097821844,0.0546819407994605,4.93969528513879e-169,7.42683186120617e-167
"YOR052C",686.629221980686,1.20143199810513,0.118428020071086,3.73265722126884e-25,5.89191614926792e-24
"YOR100C",59.7425245966982,1.3531858418193,0.401193112985008,5.69133510199477e-05,0.000242577528727119
"YOR120W",1372.35864619571,2.59355199173472,0.100167420228924,5.96339206722344e-149,7.79648693310474e-147
"YOR134W",185.911367700436,1.43398077131998,0.226298341324558,2.00322796545327e-11,1.62145531416365e-10
"YOR161C",3510.67706533566,1.36880860507277,0.0672648844581556,4.49746100222877e-93,3.29850371553705e-91
"YOR173W",1042.47660077273,2.34039069632745,0.108297400937481,1.02431100220283e-104,8.10553469374716e-103
"YOR185C",1618.82527344114,2.20503252437741,0.0953363809508872,1.79177702813737e-119,1.76651590938003e-117
"YOR285W",2585.6596105017,1.28067545229468,0.0734768824952753,5.011538138423e-69,2.51161586370633e-67
"YOR289W",314.741326379524,1.3797984780116,0.169679236372378,3.90310540942767e-17,4.37118732445028e-16
"YOR328W",739.113717569395,1.03558528781807,0.118405989653767,2.9035446968823e-19,3.55639873870675e-18
"YOR338W",77.8056766130956,1.02817568755074,0.34484906764649,0.000289469168245399,0.00110111801254132
"YOR348C",413.706963717789,2.8934186869314,0.17443613266382,7.48887009010882e-63,3.33615294236403e-61
"YOR374W",3775.86144340461,2.51735324743263,0.0827627173346795,2.33671445078226e-204,5.20481507666834e-202
"YPL017C",847.656917520961,1.42342963807506,0.107028976053203,2.15754798713011e-41,5.8186069930944e-40
"YPL018W",450.079588114541,1.36162117662669,0.142506233406021,1.1658892346477e-22,1.66153029790788e-21
"YPL019C",5140.46908287539,2.47004738924268,0.0610762605418228,0,0
"YPL061W",16602.3431426666,1.48826873374698,0.0595499816864219,7.17072649889556e-139,8.62494983287158e-137
"YPL123C",568.839038268905,1.19879870450571,0.126832106667667,3.62117663441402e-22,4.96076452832937e-21
"YPL154C",12530.9146042195,1.21818353260108,0.0557002783390056,4.36740035782248e-107,3.59801996601978e-105
"YPL186C",430.425873281909,3.0204014331642,0.17331606688311,3.77364961294321e-69,1.92328209934241e-67
"YPL222W",911.727592430485,1.29132783362897,0.103029927672869,4.96567403300871e-37,1.16200636710173e-35
"YPL223C",211.983871859064,3.64155886659486,0.263348788757286,1.88870141409135e-44,5.56796583546343e-43
"YPL230W",387.051337378936,1.8973380072333,0.168506791131625,1.54467151580906e-30,2.85835522956175e-29
"YPL240C",7941.76248927839,2.46311092112956,0.0573298473693302,0,0
"YPL281C",57.8078552491322,2.57442631843296,0.433511722111684,2.14581497983729e-10,1.62530620765006e-09
"YPR026W",904.122604144968,1.4053363305236,0.107431165458846,4.03536761017099e-40,1.05059310855274e-38
"YPR078C",47.5283698852105,1.26119708541279,0.444745300712814,0.000347221521782609,0.00130105310405023
"YPR151C",62.5660922512075,1.48498010492371,0.422439917762451,3.11393508518123e-05,0.000138596334632951
"YPR160W",2390.17758913832,1.35431837789793,0.0774926230122246,2.04389792235411e-69,1.05059847051604e-67
"YPR184W",1400.97272302908,1.59881126130391,0.088499051785406,5.14337332698227e-74,2.83782084297903e-72
"YPR192W",192.816070036355,1.43122852789038,0.21538797101429,2.68736201753121e-12,2.33551953373305e-11
